region,country,asn,org_name,org_id,info_type,accepted,score,prefix_count,reason,sources
central_asia,KZ,212999,Kainar-Media,31748,Cable/DSL/ISP,False,5,0,peeringdb_reject_type,"PeeringDB,RIPEstat"
central_asia,KZ,8200,Uplink LLC,16109,,False,10,0,default_reject,"PeeringDB,RIPEstat"
central_asia,KZ,201242,GL-Telecom,33831,Educational/Research,False,10,0,default_reject,"PeeringDB,RIPEstat"
central_asia,KZ,41007,CTCASTANA,42664,,False,10,0,default_reject,"PeeringDB,RIPEstat"
central_asia,KZ,208448,ttk-temirtau,37961,,False,10,0,default_reject,"PeeringDB,RIPEstat"
central_asia,KZ,208450,MEGAHOST_KZ,38517,,False,10,0,default_reject,"PeeringDB,RIPEstat"
central_asia,KZ,48716,PS Internet Company Network,15320,Enterprise,False,5,0,peeringdb_reject_type,"PeeringDB,RIPEstat"
central_asia,KZ,202831,Ablaykhan Akylbekovich Sharimov,42983,Content,False,5,0,peeringdb_reject_type,"PeeringDB,RIPEstat"
central_asia,KZ,211028,Spetsavtomatikaservice,30245,Cable/DSL/ISP,False,5,0,peeringdb_reject_type,"PeeringDB,RIPEstat"
central_asia,KZ,43606,Freedom Telecom AS43606,18287,,False,10,0,default_reject,"PeeringDB,RIPEstat"
central_asia,KZ,207446,Kazteleport AST,22603,NSP,True,60,3,peeringdb_type,"PeeringDB,RIPEstat"
central_asia,KZ,207966,STS Services,16055,,False,10,0,default_reject,"PeeringDB,RIPEstat"
central_asia,KZ,211553,Dakota Gartley,29011,Cable/DSL/ISP,False,5,0,peeringdb_reject_type,"PeeringDB,RIPEstat"
central_asia,KZ,213114,Zamolotskikh Kirill Alexandrovich,43697,,False,10,0,default_reject,"PeeringDB,RIPEstat"
central_asia,KZ,44173,National Innovation Center LLC,43397,,False,10,0,default_reject,"PeeringDB,RIPEstat"
central_asia,KZ,213662,Oblachnye Resheniya,40763,,False,10,0,default_reject,"PeeringDB,RIPEstat"
central_asia,KZ,41124,BTcom Infocommunications,29541,,False,10,0,default_reject,"PeeringDB,RIPEstat"
central_asia,KZ,29355,KCell JSC,11529,NSP,True,60,2556,peeringdb_type,"PeeringDB,RIPEstat"
central_asia,KZ,214706,KazTransNet,40306,Content,False,5,0,peeringdb_reject_type,"PeeringDB,RIPEstat"
central_asia,KZ,205516,NLS ASTANA LLP,37432,Cable/DSL/ISP,False,5,0,peeringdb_reject_type,"PeeringDB,RIPEstat"
central_asia,KZ,208077,AS,33075,Cable/DSL/ISP,False,5,0,peeringdb_reject_type,"PeeringDB,RIPEstat"
central_asia,KZ,202461,NAT Kazakhstan JSC,43392,NSP,True,60,6,peeringdb_type,"PeeringDB,RIPEstat"
central_asia,KZ,215802,ASILINK,40797,Cable/DSL/ISP,False,5,0,peeringdb_reject_type,"PeeringDB,RIPEstat"
central_asia,KZ,51979,AKSYCOM LTD,42703,Enterprise,False,5,0,peeringdb_reject_type,"PeeringDB,RIPEstat"
central_asia,KZ,203534,On1x,43129,Content,False,5,0,peeringdb_reject_type,"PeeringDB,RIPEstat"
central_asia,KZ,202527,Aktau Spec Montazh,38716,,False,10,0,default_reject,"PeeringDB,RIPEstat"
central_asia,KZ,35104,Kaztranscom,21097,NSP,True,60,179,peeringdb_type,"PeeringDB,RIPEstat"
central_asia,KZ,21299,Beeline Kazakhstan,28012,NSP,True,60,767,peeringdb_type,"PeeringDB,RIPEstat"
central_asia,KZ,39221,Itoolabs AS 39221,20311,,False,10,0,default_reject,"PeeringDB,RIPEstat"
central_asia,KZ,58172,Freedom Telecom AS58172,18287,,False,10,0,default_reject,"PeeringDB,RIPEstat"
central_asia,KZ,41798,Transtelecom Kazakhstan,17815,NSP,True,60,207,peeringdb_type,"PeeringDB,RIPEstat"
central_asia,KZ,60757,Optinet,30600,Cable/DSL/ISP,False,5,0,peeringdb_reject_type,"PeeringDB,RIPEstat"
central_asia,KZ,43370,OBIT Telecommunications,39434,,False,10,0,default_reject,"PeeringDB,RIPEstat"
central_asia,KZ,29555,JSC Altel,15879,NSP,True,60,117,peeringdb_type,"PeeringDB,RIPEstat"
central_asia,KZ,48503,Tele2 Kazakhstan,15879,NSP,True,60,580,peeringdb_type,"PeeringDB,RIPEstat"
central_asia,KZ,199037,NAUCRAR,43923,NSP,True,60,3,peeringdb_type,"PeeringDB,RIPEstat"
central_asia,KZ,60286,Agency-KA Ltd.,44182,Cable/DSL/ISP,False,5,0,peeringdb_reject_type,"PeeringDB,RIPEstat"
central_asia,KZ,215947,GRAZHDANIN,36839,,False,10,0,default_reject,"PeeringDB,RIPEstat"
central_asia,KZ,200590,NLS Kazakhstan,22098,Cable/DSL/ISP,False,5,0,peeringdb_reject_type,"PeeringDB,RIPEstat"
central_asia,KZ,39824,JSC Alma Telecommunications,43310,,False,10,0,default_reject,"PeeringDB,RIPEstat"
central_asia,KZ,215953,Berik Ashimov,36829,Educational/Research,False,10,0,default_reject,"PeeringDB,RIPEstat"
central_asia,KZ,206768,KazNIC anycast 2,22092,Content,False,5,0,peeringdb_reject_type,"PeeringDB,RIPEstat"
central_asia,KZ,58289,KazNetCom,42565,Cable/DSL/ISP,False,5,0,peeringdb_reject_type,"PeeringDB,RIPEstat"
central_asia,KZ,25548,SCS-Telecom,31203,,False,10,0,default_reject,"PeeringDB,RIPEstat"
central_asia,KZ,212940,CONNECT-S,31408,Cable/DSL/ISP,False,5,0,peeringdb_reject_type,"PeeringDB,RIPEstat"
central_asia,KZ,43994,SMARTNET,21513,NSP,True,60,70,peeringdb_type,"PeeringDB,RIPEstat"
central_asia,KZ,198138,Muskafidi Konstantin Nikolaevich,44091,Network Services,False,10,0,default_reject,"PeeringDB,RIPEstat"
central_asia,UZ,21001,NETKA TELEKOM,28816,,False,10,0,default_reject,"PeeringDB,RIPEstat"
central_asia,UZ,43533,Gals Telecom,25200,Cable/DSL/ISP,False,5,0,peeringdb_reject_type,"PeeringDB,RIPEstat"
central_asia,UZ,213528,Milliy Banklararo Protsessing Markazi AJ,41135,Enterprise,False,5,0,peeringdb_reject_type,"PeeringDB,RIPEstat"
central_asia,UZ,42017,Ars-Inform,24241,Cable/DSL/ISP,False,5,0,peeringdb_reject_type,"PeeringDB,RIPEstat"
central_asia,UZ,43060,IPLUS,23963,Cable/DSL/ISP,False,5,0,peeringdb_reject_type,"PeeringDB,RIPEstat"
central_asia,UZ,12365,Sarkor Telecom,23210,Content,False,5,0,peeringdb_reject_type,"PeeringDB,RIPEstat"
central_asia,UZ,47726,INFOBOX,29847,Cable/DSL/ISP,False,5,0,peeringdb_reject_type,"PeeringDB,RIPEstat"
central_asia,UZ,39032,East Telecom,24165,Cable/DSL/ISP,False,5,0,peeringdb_reject_type,"PeeringDB,RIPEstat"
central_asia,UZ,49273,Ucell,25177,,False,10,0,default_reject,"PeeringDB,RIPEstat"
central_asia,UZ,219269,LILI-AS,44793,,False,10,0,default_reject,"PeeringDB,RIPEstat"
central_asia,UZ,209033,CityNet Tashkent,28779,,False,10,0,default_reject,"PeeringDB,RIPEstat"
central_asia,UZ,39568,ASIA WIRELESS,24072,,False,10,0,default_reject,"PeeringDB,RIPEstat"
central_asia,UZ,213165,MYCLOUD,41832,,False,10,0,default_reject,"PeeringDB,RIPEstat"
central_asia,UZ,57016,ISTV,28226,Cable/DSL/ISP,False,5,0,peeringdb_reject_type,"PeeringDB,RIPEstat"
central_asia,UZ,28910,Uzbektelekom,28174,NSP,True,60,6,peeringdb_type,"PeeringDB,RIPEstat"
central_asia,UZ,41202,Unitel Uzbekistan,25201,,False,10,0,default_reject,"PeeringDB,RIPEstat"
central_asia,UZ,43268,SNS-IX Route Servers,23018,Route Server,True,70,7,peeringdb_type+name_keyword,"PeeringDB,RIPEstat"
central_asia,UZ,51503,Daniel Group Telecom,19958,,False,10,0,default_reject,"PeeringDB,RIPEstat"
central_asia,UZ,207154,PE Luseya Plyus,37995,Cable/DSL/ISP,False,5,0,peeringdb_reject_type,"PeeringDB,RIPEstat"
central_asia,UZ,59706,RWC,44666,Cable/DSL/ISP,False,5,0,peeringdb_reject_type,"PeeringDB,RIPEstat"
central_asia,UZ,47966,Koinot-Tv,28818,,False,10,0,default_reject,"PeeringDB,RIPEstat"
central_asia,UZ,50025,Net Television,20429,Cable/DSL/ISP,False,5,0,peeringdb_reject_type,"PeeringDB,RIPEstat"
central_asia,UZ,34718,TEXNOPROSISTEM,24165,Cable/DSL/ISP,False,5,0,peeringdb_reject_type,"PeeringDB,RIPEstat"
central_asia,UZ,57764,Free Link,27197,,False,10,0,default_reject,"PeeringDB,RIPEstat"
central_asia,UZ,208831,Afzal Cloud Technologies,44184,NSP,True,60,1,peeringdb_type,"PeeringDB,RIPEstat"
central_asia,UZ,213951,HyperApp,41905,,False,10,0,default_reject,"PeeringDB,RIPEstat"
central_asia,UZ,212444,Bross-Telekom,37991,Cable/DSL/ISP,False,5,0,peeringdb_reject_type,"PeeringDB,RIPEstat"
central_asia,UZ,31203,Sharq Telekom,25479,,False,10,0,default_reject,"PeeringDB,RIPEstat"
central_asia,TJ,215814,Sinamo 2017,44348,Cable/DSL/ISP,False,5,0,peeringdb_reject_type,"PeeringDB,RIPEstat"
central_asia,TJ,24722,Babilon-T,26093,,False,10,0,default_reject,"PeeringDB,RIPEstat"
central_asia,TJ,51346,Tojiktelecom,28419,NSP,True,60,12,peeringdb_type,"PeeringDB,RIPEstat"
central_asia,TJ,43030,Tajik National Research Education Network,41303,Cable/DSL/ISP,False,5,0,peeringdb_reject_type,"PeeringDB,RIPEstat"
central_asia,TJ,47139,INDIGO TAJIKISTAN,41326,NSP,True,60,22,peeringdb_type,"PeeringDB,RIPEstat"
central_asia,TJ,49472,Eastera Co. Ltd.,19421,Cable/DSL/ISP,False,5,0,peeringdb_reject_type,"PeeringDB,RIPEstat"
central_asia,TJ,205507,NURI KOINOT,42319,,False,10,0,default_reject,"PeeringDB,RIPEstat"
central_asia,TJ,204106,Babilon-Mobile,34180,NSP,True,60,7,peeringdb_type,"PeeringDB,RIPEstat"
central_asia,TJ,208592,AVESTONET,41321,Network Services,False,10,0,default_reject,"PeeringDB,RIPEstat"
central_asia,TJ,57443,Oshno group,39851,,False,10,0,default_reject,"PeeringDB,RIPEstat"
central_asia,TJ,215533,zaitoontech,44338,Cable/DSL/ISP,False,5,0,peeringdb_reject_type,"PeeringDB,RIPEstat"
central_asia,TJ,44027,Spitamen Alexander Internet,41348,,False,10,0,default_reject,"PeeringDB,RIPEstat"
central_asia,TJ,34557,Tacom,30243,,False,10,0,default_reject,"PeeringDB,RIPEstat"
central_asia,TJ,213631,K-Tech,43745,,False,10,0,default_reject,"PeeringDB,RIPEstat"
central_asia,KG,8449,ElCat AS8449,15901,Cable/DSL/ISP,False,5,0,peeringdb_reject_type,"PeeringDB,RIPEstat"
central_asia,KG,29061,Saimanet Telecomunications,15495,NSP,True,60,47,peeringdb_type,"PeeringDB,RIPEstat"
central_asia,KG,47237,NUR Telecom Bishkek,23159,,False,10,0,default_reject,"PeeringDB,RIPEstat"
central_asia,KG,207369,"Skynet Telecom, LLC",38426,Cable/DSL/ISP,False,5,0,peeringdb_reject_type,"PeeringDB,RIPEstat"
central_asia,KG,41750,Megaline Ltd.,16665,Cable/DSL/ISP,False,5,0,peeringdb_reject_type,"PeeringDB,RIPEstat"
central_asia,KG,50223,Alfa Telecom,15455,NSP,True,60,39,peeringdb_type,"PeeringDB,RIPEstat"
central_asia,KG,12997,Kyrgyztelecom,15456,NSP,True,60,35,peeringdb_type,"PeeringDB,RIPEstat"
central_asia,KG,50251,NUR Telecom Osh,23159,,False,10,0,default_reject,"PeeringDB,RIPEstat"
central_asia,KG,61010,IPNET,20782,,False,10,0,default_reject,"PeeringDB,RIPEstat"
central_asia,KG,42581,Inform Communications Ltd.,31679,NSP,True,60,6,peeringdb_type,"PeeringDB,RIPEstat"
central_asia,KG,61399,KG-IX,17448,Route Server,True,70,6,peeringdb_type+name_keyword,"PeeringDB,RIPEstat"
central_asia,KG,12764,AKNET,44250,,False,10,0,default_reject,"PeeringDB,RIPEstat"
central_asia,KG,41329,Sky Mobile,18052,Cable/DSL/ISP,False,5,0,peeringdb_reject_type,"PeeringDB,RIPEstat"
eastern_europe,PL,24577,Onefone,18876,Cable/DSL/ISP,False,5,0,peeringdb_reject_type,"PeeringDB,RIPEstat"
eastern_europe,PL,40961,POLMEX,27987,Cable/DSL/ISP,False,5,0,peeringdb_reject_type,"PeeringDB,RIPEstat"
eastern_europe,PL,57355,networkers.pl,16419,Educational/Research,False,10,0,default_reject,"PeeringDB,RIPEstat"
eastern_europe,PL,57367,ATMAN XaaS,1540,Content,False,5,0,peeringdb_reject_type,"PeeringDB,RIPEstat"
eastern_europe,PL,41005,VISIONCUBE S.A. lab,38760,Educational/Research,False,10,0,default_reject,"PeeringDB,RIPEstat"
eastern_europe,PL,41006,RWD PROSPECT Sp.z o.o.,19752,Cable/DSL/ISP,False,5,0,peeringdb_reject_type,"PeeringDB,RIPEstat"
eastern_europe,PL,8246,GTS Poland,3423,NSP,True,60,1,peeringdb_type,"PeeringDB,RIPEstat"
eastern_europe,PL,41023,Agencja Rozwoju Regionalnego ARREKS,38512,Cable/DSL/ISP,False,5,0,peeringdb_reject_type,"PeeringDB,RIPEstat"
eastern_europe,PL,41026,KOPnet S.C. Marek Szczudlo Juliusz Kostrzewski,14986,Cable/DSL/ISP,False,5,0,peeringdb_reject_type,"PeeringDB,RIPEstat"
eastern_europe,PL,204880,bgp.wtf,19381,Non-Profit,False,10,0,default_reject,"PeeringDB,RIPEstat"
eastern_europe,PL,49242,Internet Union Spolka Akcyjna,21259,NSP,True,60,8,peeringdb_type,"PeeringDB,RIPEstat"
eastern_europe,PL,204906,ONSET,28077,,False,10,0,default_reject,"PeeringDB,RIPEstat"
eastern_europe,PL,204930,Panstwowa Wyzsza Szkola Zawodowa w Nysie,18956,Educational/Research,False,10,0,default_reject,"PeeringDB,RIPEstat"
eastern_europe,PL,8323,CYFRONET-AS2,39469,Educational/Research,False,10,0,default_reject,"PeeringDB,RIPEstat"
eastern_europe,PL,8326,MAN Bydgoszcz EDU,16618,Educational/Research,False,10,0,default_reject,"PeeringDB,RIPEstat"
eastern_europe,PL,57478,Dar.Net,15733,Cable/DSL/ISP,False,5,0,peeringdb_reject_type,"PeeringDB,RIPEstat"
eastern_europe,PL,49290,Maniera Service,16138,Cable/DSL/ISP,False,5,0,peeringdb_reject_type,"PeeringDB,RIPEstat"
eastern_europe,PL,24724,ATMAN,1540,NSP,True,60,3,peeringdb_type,"PeeringDB,RIPEstat"
eastern_europe,PL,49300,IBSELEKTRONICS,6050,Cable/DSL/ISP,False,5,0,peeringdb_reject_type,"PeeringDB,RIPEstat"
eastern_europe,PL,24740,NTTDATA-PL,39560,Content,False,5,0,peeringdb_reject_type,"PeeringDB,RIPEstat"
eastern_europe,PL,8364,POZMAN COM,9191,,False,10,0,default_reject,"PeeringDB,RIPEstat"
eastern_europe,PL,24748,THINX,1540,Route Server,True,60,0,peeringdb_type,"PeeringDB,RIPEstat"
eastern_europe,PL,8374,Polkomtel,8763,Cable/DSL/ISP,False,5,0,peeringdb_reject_type,"PeeringDB,RIPEstat"
eastern_europe,PL,204987,Centrum Informatyki ZETO AS204987,34005,,False,10,0,default_reject,"PeeringDB,RIPEstat"
eastern_europe,PL,57536,MICROLINK,34306,Cable/DSL/ISP,False,5,0,peeringdb_reject_type,"PeeringDB,RIPEstat"
eastern_europe,PL,205036,IPv6.edu.pl: BGP Research Network,18582,Educational/Research,False,10,0,default_reject,"PeeringDB,RIPEstat"
eastern_europe,PL,57593,Polska Spolka Gazownictwa AS57593,31481,Enterprise,False,5,0,peeringdb_reject_type,"PeeringDB,RIPEstat"
eastern_europe,PL,57594,INFO-NET Ewa Sobolewska-Gryniewicz,15740,,False,10,0,default_reject,"PeeringDB,RIPEstat"
eastern_europe,PL,196858,Betasoft,38218,,False,10,0,default_reject,"PeeringDB,RIPEstat"
eastern_europe,PL,57608,DGNET,15132,Cable/DSL/ISP,False,5,0,peeringdb_reject_type,"PeeringDB,RIPEstat"
eastern_europe,PL,8458,Blue Net SC,15576,Cable/DSL/ISP,False,5,0,peeringdb_reject_type,"PeeringDB,RIPEstat"
eastern_europe,PL,49420,APLITT Sp. z o.o.,13356,NSP,True,60,4,peeringdb_type,"PeeringDB,RIPEstat"
eastern_europe,PL,57613,ESNET Poland,16004,Cable/DSL/ISP,False,5,0,peeringdb_reject_type,"PeeringDB,RIPEstat"
eastern_europe,PL,196883,MTnet,15061,Cable/DSL/ISP,False,5,0,peeringdb_reject_type,"PeeringDB,RIPEstat"
eastern_europe,PL,196890,Complex Computers,30683,,False,10,0,default_reject,"PeeringDB,RIPEstat"
eastern_europe,PL,205105,INFONET,28197,Cable/DSL/ISP,False,5,0,peeringdb_reject_type,"PeeringDB,RIPEstat"
eastern_europe,PL,8501,PIONIER,9191,Educational/Research,False,10,0,default_reject,"PeeringDB,RIPEstat"
eastern_europe,PL,8508,SASK-EDU,16068,Educational/Research,False,10,0,default_reject,"PeeringDB,RIPEstat"
eastern_europe,PL,196927,Regionalna Telewizja Kablowa Spolka Jawna L.Iwanski i Wspolnicy,34551,,False,10,0,default_reject,"PeeringDB,RIPEstat"
eastern_europe,PL,196928,Wektor sp. z o.o.,16374,Cable/DSL/ISP,False,5,0,peeringdb_reject_type,"PeeringDB,RIPEstat"
eastern_europe,PL,57665,EVIO Polska,16279,Enterprise,False,5,0,peeringdb_reject_type,"PeeringDB,RIPEstat"
eastern_europe,PL,213310,Tyler Griffiths,25958,,False,10,0,default_reject,"PeeringDB,RIPEstat"
eastern_europe,PL,8535,Agora,2081,Enterprise,False,5,0,peeringdb_reject_type,"PeeringDB,RIPEstat"
eastern_europe,PL,205146,AVANET,37068,Cable/DSL/ISP,False,5,0,peeringdb_reject_type,"PeeringDB,RIPEstat"
eastern_europe,PL,57701,Myszkowska Telewizja Kablowa Sp. z o.o.,19791,Cable/DSL/ISP,False,5,0,peeringdb_reject_type,"PeeringDB,RIPEstat"
eastern_europe,PL,196969,NetfiberMW,15303,Cable/DSL/ISP,False,5,0,peeringdb_reject_type,"PeeringDB,RIPEstat"
eastern_europe,PL,57718,"INM s. j. Tomasz Chomko, Mariusz Lisowski, Piotr Margol, ul. Traugutta 2",39502,Cable/DSL/ISP,False,5,0,peeringdb_reject_type,"PeeringDB,RIPEstat"
eastern_europe,PL,49528,MARCIN MALOLEPSZY @ALFANET,14850,Cable/DSL/ISP,False,5,0,peeringdb_reject_type,"PeeringDB,RIPEstat"
eastern_europe,PL,57723,Media Telekom Sp. z o.o.,15861,Cable/DSL/ISP,False,5,0,peeringdb_reject_type,"PeeringDB,RIPEstat"
eastern_europe,PL,196994,Telekomunikacja Wschod,33063,Cable/DSL/ISP,False,5,0,peeringdb_reject_type,"PeeringDB,RIPEstat"
eastern_europe,PL,205187,PSJ,33335,,False,10,0,default_reject,"PeeringDB,RIPEstat"
eastern_europe,PL,49559,A-Systems,35751,NSP,True,60,10,peeringdb_type,"PeeringDB,RIPEstat"
eastern_europe,PL,213413,Michal Pawski,41596,NSP,True,60,6,peeringdb_type,"PeeringDB,RIPEstat"
eastern_europe,PL,197049,INTERNET SERWIS WOJCIECH BANDUROWSKI,14834,Cable/DSL/ISP,False,5,0,peeringdb_reject_type,"PeeringDB,RIPEstat"
eastern_europe,PL,57789,HomeNet Technologies,31514,Cable/DSL/ISP,False,5,0,peeringdb_reject_type,"PeeringDB,RIPEstat"
eastern_europe,PL,41421,Starnet Telecom Sp. z o.o.,32335,Cable/DSL/ISP,False,5,0,peeringdb_reject_type,"PeeringDB,RIPEstat"
eastern_europe,PL,57811,Redge Technologies,10215,Content,False,5,0,peeringdb_reject_type,"PeeringDB,RIPEstat"
eastern_europe,PL,205268,DIOMAR,42111,Content,False,5,0,peeringdb_reject_type,"PeeringDB,RIPEstat"
eastern_europe,PL,49633,MGK,18016,Cable/DSL/ISP,False,5,0,peeringdb_reject_type,"PeeringDB,RIPEstat"
eastern_europe,PL,197091,METROPORT,16163,Cable/DSL/ISP,False,5,0,peeringdb_reject_type,"PeeringDB,RIPEstat"
eastern_europe,PL,197111,PANSA,31578,,False,10,0,default_reject,"PeeringDB,RIPEstat"
eastern_europe,PL,197113,LCS Systemy Teleinformatyczne,15487,Cable/DSL/ISP,False,5,0,peeringdb_reject_type,"PeeringDB,RIPEstat"
eastern_europe,PL,25084,Politechnika Czestochowska,15482,Educational/Research,False,10,0,default_reject,"PeeringDB,RIPEstat"
eastern_europe,PL,57889,MAXSERWIS Sp.zo.o.,42676,,False,10,0,default_reject,"PeeringDB,RIPEstat"
eastern_europe,PL,57896,YNET MANAGEMENT,13283,Cable/DSL/ISP,False,5,0,peeringdb_reject_type,"PeeringDB,RIPEstat"
eastern_europe,PL,197162,Neo-Trix,25543,,True,45,1,name_keyword,"PeeringDB,RIPEstat"
eastern_europe,PL,41522,ETT sp. z o.o.,15270,Cable/DSL/ISP,False,5,0,peeringdb_reject_type,"PeeringDB,RIPEstat"
eastern_europe,PL,197177,InterWan,29567,Cable/DSL/ISP,False,5,0,peeringdb_reject_type,"PeeringDB,RIPEstat"
eastern_europe,PL,25154,Currency One,22329,Content,False,5,0,peeringdb_reject_type,"PeeringDB,RIPEstat"
eastern_europe,PL,197186,Prestiz S.C Rafal Nowocinski Urszula Nowocinska,15026,Cable/DSL/ISP,False,5,0,peeringdb_reject_type,"PeeringDB,RIPEstat"
eastern_europe,PL,205384,WI-HURA.NET,19644,Cable/DSL/ISP,False,5,0,peeringdb_reject_type,"PeeringDB,RIPEstat"
eastern_europe,PL,205392,FIBERZONE,37191,Cable/DSL/ISP,False,5,0,peeringdb_reject_type,"PeeringDB,RIPEstat"
eastern_europe,PL,57945,Quicktel,10713,Cable/DSL/ISP,False,5,0,peeringdb_reject_type,"PeeringDB,RIPEstat"
eastern_europe,PL,49761,TELESIM,15288,Cable/DSL/ISP,False,5,0,peeringdb_reject_type,"PeeringDB,RIPEstat"
eastern_europe,PL,197217,Shentel,40470,,False,10,0,default_reject,"PeeringDB,RIPEstat"
eastern_europe,PL,197226,Sprint Data Center,28010,,False,10,0,default_reject,"PeeringDB,RIPEstat"
eastern_europe,PL,197227,Winogrady,20258,Cable/DSL/ISP,False,5,0,peeringdb_reject_type,"PeeringDB,RIPEstat"
eastern_europe,PL,57966,INTRATEL,31103,,False,10,0,default_reject,"PeeringDB,RIPEstat"
eastern_europe,PL,8819,Metro Internet,19961,Network Services,False,10,0,default_reject,"PeeringDB,RIPEstat"
eastern_europe,PL,49787,STRONG-PC Tomasz Piekarski,14984,Cable/DSL/ISP,False,5,0,peeringdb_reject_type,"PeeringDB,RIPEstat"
eastern_europe,PL,197262,AMBIT SYSTEMY INFORMATYCZNE,15598,Cable/DSL/ISP,False,5,0,peeringdb_reject_type,"PeeringDB,RIPEstat"
eastern_europe,PL,8865,MSK BIAMAN,26296,Educational/Research,False,10,0,default_reject,"PeeringDB,RIPEstat"
eastern_europe,PL,205485,NetSolution,38340,,False,10,0,default_reject,"PeeringDB,RIPEstat"
eastern_europe,PL,8890,University of Warsaw,34401,Educational/Research,False,10,0,default_reject,"PeeringDB,RIPEstat"
eastern_europe,PL,197318,HardCom Sp. z o.o.,15278,Cable/DSL/ISP,False,5,0,peeringdb_reject_type,"PeeringDB,RIPEstat"
eastern_europe,PL,41676,JMDI,28301,Cable/DSL/ISP,False,5,0,peeringdb_reject_type,"PeeringDB,RIPEstat"
eastern_europe,PL,205520,XTB S.A. - AS205520,32506,,False,10,0,default_reject,"PeeringDB,RIPEstat"
eastern_europe,PL,197336,TEL-KAB Sp. z o.o.,39667,Cable/DSL/ISP,False,5,0,peeringdb_reject_type,"PeeringDB,RIPEstat"
eastern_europe,PL,49888,Ultranet,18715,Cable/DSL/ISP,False,5,0,peeringdb_reject_type,"PeeringDB,RIPEstat"
eastern_europe,PL,197345,ARKOM,15574,Cable/DSL/ISP,False,5,0,peeringdb_reject_type,"PeeringDB,RIPEstat"
eastern_europe,PL,49895,DCENTER.PL,3497,NSP,True,60,17,peeringdb_type,"PeeringDB,RIPEstat"
eastern_europe,PL,197375,SIMANT,16120,Cable/DSL/ISP,False,5,0,peeringdb_reject_type,"PeeringDB,RIPEstat"
eastern_europe,PL,197400,"P.P.U.H ""OLKO""",15724,,False,10,0,default_reject,"PeeringDB,RIPEstat"
eastern_europe,PL,197405,Tomkow Sp. z o.o.,14848,Cable/DSL/ISP,False,5,0,peeringdb_reject_type,"PeeringDB,RIPEstat"
eastern_europe,PL,197418,NET-KONT@KT P. Janicki i M. Pastuszka,15581,Cable/DSL/ISP,False,5,0,peeringdb_reject_type,"PeeringDB,RIPEstat"
eastern_europe,PL,197431,GEMIUS,38319,,False,10,0,default_reject,"PeeringDB,RIPEstat"
eastern_europe,PL,197437,Plast-Com,16372,Cable/DSL/ISP,False,5,0,peeringdb_reject_type,"PeeringDB,RIPEstat"
eastern_europe,PL,41790,Teleaudio,31253,,False,10,0,default_reject,"PeeringDB,RIPEstat"
eastern_europe,PL,197447,ITTMEDIA telecom Marcin Lubelski,15866,Cable/DSL/ISP,False,5,0,peeringdb_reject_type,"PeeringDB,RIPEstat"
eastern_europe,PL,50016,FORTES,16527,Cable/DSL/ISP,False,5,0,peeringdb_reject_type,"PeeringDB,RIPEstat"
eastern_europe,PL,205679,AC Systemy Sp. z o. o.,17644,Cable/DSL/ISP,False,5,0,peeringdb_reject_type,"PeeringDB,RIPEstat"
eastern_europe,PL,41841,"Microchip s.c. W. Wrodarczyk, A. Kossowski",14956,Cable/DSL/ISP,False,5,0,peeringdb_reject_type,"PeeringDB,RIPEstat"
eastern_europe,PL,9085,SUPERMEDIA,16590,Cable/DSL/ISP,False,5,0,peeringdb_reject_type,"PeeringDB,RIPEstat"
eastern_europe,PL,197502,WMC SYSTEMY INFORMATYCZNE,19892,,False,10,0,default_reject,"PeeringDB,RIPEstat"
eastern_europe,PL,197503,Sptelek,30422,Cable/DSL/ISP,False,5,0,peeringdb_reject_type,"PeeringDB,RIPEstat"
eastern_europe,PL,25506,Telewizja Polska,22130,Content,False,5,0,peeringdb_reject_type,"PeeringDB,RIPEstat"
eastern_europe,PL,50086,WifiKomputer,18124,Cable/DSL/ISP,False,5,0,peeringdb_reject_type,"PeeringDB,RIPEstat"
eastern_europe,PL,50095,SZCZECINSKI.COM / HAPAY.PL,15481,Cable/DSL/ISP,False,5,0,peeringdb_reject_type,"PeeringDB,RIPEstat"
eastern_europe,PL,25523,Polskie Radio,40834,Content,False,5,0,peeringdb_reject_type,"PeeringDB,RIPEstat"
eastern_europe,PL,9141,P4 PLAY Network,13244,Cable/DSL/ISP,False,5,0,peeringdb_reject_type,"PeeringDB,RIPEstat"
eastern_europe,PL,58307,RAD-IX,6990,Cable/DSL/ISP,True,45,3,name_keyword,"PeeringDB,RIPEstat"
eastern_europe,PL,58321,Oxylion,10904,NSP,True,60,24,peeringdb_type,"PeeringDB,RIPEstat"
eastern_europe,PL,25557,TAURON AS25557,20914,Enterprise,False,5,0,peeringdb_reject_type,"PeeringDB,RIPEstat"
eastern_europe,PL,41952,MARTON,27989,Cable/DSL/ISP,False,5,0,peeringdb_reject_type,"PeeringDB,RIPEstat"
eastern_europe,PL,205798,ITTAM,28034,Cable/DSL/ISP,False,5,0,peeringdb_reject_type,"PeeringDB,RIPEstat"
eastern_europe,PL,41959,PLJ TELECOM,16046,Cable/DSL/ISP,False,5,0,peeringdb_reject_type,"PeeringDB,RIPEstat"
eastern_europe,PL,50153,Net-Bis z o.o.,15817,Cable/DSL/ISP,False,5,0,peeringdb_reject_type,"PeeringDB,RIPEstat"
eastern_europe,PL,41966,Skynet Sp. z o.o.,15880,Cable/DSL/ISP,False,5,0,peeringdb_reject_type,"PeeringDB,RIPEstat"
eastern_europe,PL,58350,PHU Classcom Sp. z o.o.,37288,Cable/DSL/ISP,False,5,0,peeringdb_reject_type,"PeeringDB,RIPEstat"
eastern_europe,PL,197615,NaszaSiec.NET Krakow Damian Murzynowski,14991,Cable/DSL/ISP,False,5,0,peeringdb_reject_type,"PeeringDB,RIPEstat"
eastern_europe,PL,50188,KOLNET,14810,Enterprise,False,5,0,peeringdb_reject_type,"PeeringDB,RIPEstat"
eastern_europe,PL,197645,GCI,20237,,False,10,0,default_reject,"PeeringDB,RIPEstat"
eastern_europe,PL,197672,INTERPLUS,16442,Cable/DSL/ISP,False,5,0,peeringdb_reject_type,"PeeringDB,RIPEstat"
eastern_europe,PL,33838,BetaNET sp. z o.o.,39544,,False,10,0,default_reject,"PeeringDB,RIPEstat"
eastern_europe,PL,205871,FISCOM,18134,Cable/DSL/ISP,False,5,0,peeringdb_reject_type,"PeeringDB,RIPEstat"
eastern_europe,PL,50231,Syrion,15305,Cable/DSL/ISP,False,5,0,peeringdb_reject_type,"PeeringDB,RIPEstat"
eastern_europe,PL,205879,EKO-LINE Sp. z o.o.,42815,Cable/DSL/ISP,False,5,0,peeringdb_reject_type,"PeeringDB,RIPEstat"
eastern_europe,PL,197697,Derkom Spolka,15711,Cable/DSL/ISP,False,5,0,peeringdb_reject_type,"PeeringDB,RIPEstat"
eastern_europe,PL,197701,NET-KOMP Krystian Kania,40644,Cable/DSL/ISP,False,5,0,peeringdb_reject_type,"PeeringDB,RIPEstat"
eastern_europe,PL,197709,MCG Jakub Skorek,15134,Cable/DSL/ISP,False,5,0,peeringdb_reject_type,"PeeringDB,RIPEstat"
eastern_europe,PL,50263,1-IX EU,35751,NSP,True,70,0,peeringdb_type+name_keyword,"PeeringDB,RIPEstat"
eastern_europe,PL,197721,USLUGI KOMPUTEROWE KOZDEBA SPOLKA Z OGRANICZONA ODPOWIEDZIALNOSCIA,42561,Cable/DSL/ISP,False,5,0,peeringdb_reject_type,"PeeringDB,RIPEstat"
eastern_europe,PL,33901,Connecta,44644,,False,10,0,default_reject,"PeeringDB,RIPEstat"
eastern_europe,PL,205934,Instytut Mechaniki Sp. z o.o.,31180,Cable/DSL/ISP,False,5,0,peeringdb_reject_type,"PeeringDB,RIPEstat"
eastern_europe,PL,197747,Przedsiebiorstwo Informatyczne Petroinform.Net Sp.z o.o.,15564,Cable/DSL/ISP,False,5,0,peeringdb_reject_type,"PeeringDB,RIPEstat"
eastern_europe,PL,33923,ART-COM Sp. z o.o.,14450,Cable/DSL/ISP,False,5,0,peeringdb_reject_type,"PeeringDB,RIPEstat"
eastern_europe,PL,197764,WAWER - CePIX.pl,4328,Cable/DSL/ISP,True,45,2,name_keyword,"PeeringDB,RIPEstat"
eastern_europe,PL,42131,DWA-ZERO Cafe Internet Sp. z o.o.,38439,,False,10,0,default_reject,"PeeringDB,RIPEstat"
eastern_europe,PL,50331,CITYNET Sp.z o.o.,36761,Cable/DSL/ISP,False,5,0,peeringdb_reject_type,"PeeringDB,RIPEstat"
eastern_europe,PL,50333,Z.U.H. ELEKTRON s.c.,14009,Cable/DSL/ISP,False,5,0,peeringdb_reject_type,"PeeringDB,RIPEstat"
eastern_europe,PL,50349,Radoslaw Walentowski,37029,,False,10,0,default_reject,"PeeringDB,RIPEstat"
eastern_europe,PL,197809,Audio Systems,15731,Cable/DSL/ISP,False,5,0,peeringdb_reject_type,"PeeringDB,RIPEstat"
eastern_europe,PL,42177,LNET,25579,Cable/DSL/ISP,False,5,0,peeringdb_reject_type,"PeeringDB,RIPEstat"
eastern_europe,PL,206019,PKOLEASING,38659,Enterprise,False,5,0,peeringdb_reject_type,"PeeringDB,RIPEstat"
eastern_europe,PL,197833,ZAPNET,16177,Enterprise,False,5,0,peeringdb_reject_type,"PeeringDB,RIPEstat"
eastern_europe,PL,197837,INTB,19860,Cable/DSL/ISP,False,5,0,peeringdb_reject_type,"PeeringDB,RIPEstat"
eastern_europe,PL,197838,Cheeloo J. Turczyn i Wspolnicy,39557,,False,10,0,default_reject,"PeeringDB,RIPEstat"
eastern_europe,PL,197840,INTERSIEC,39618,Cable/DSL/ISP,False,5,0,peeringdb_reject_type,"PeeringDB,RIPEstat"
eastern_europe,PL,42204,XENIUM,4866,Content,False,5,0,peeringdb_reject_type,"PeeringDB,RIPEstat"
eastern_europe,PL,206048,Giganet - Instalacje Mariusz Zmyslowski,20439,Cable/DSL/ISP,False,5,0,peeringdb_reject_type,"PeeringDB,RIPEstat"
eastern_europe,PL,206052,PRONET-SERWIS,19287,Cable/DSL/ISP,False,5,0,peeringdb_reject_type,"PeeringDB,RIPEstat"
eastern_europe,PL,50411,ITV MEDIA,16047,Cable/DSL/ISP,False,5,0,peeringdb_reject_type,"PeeringDB,RIPEstat"
eastern_europe,PL,206072,KAJETAN,36991,,False,10,0,default_reject,"PeeringDB,RIPEstat"
eastern_europe,PL,197892,Spoldzielnia Mieszkaniowa W Nowym Tomyslu,14812,Cable/DSL/ISP,False,5,0,peeringdb_reject_type,"PeeringDB,RIPEstat"
eastern_europe,PL,42261,TECH-MEDIA,16073,,False,10,0,default_reject,"PeeringDB,RIPEstat"
eastern_europe,PL,42266,PIEKARY.NET,14990,Cable/DSL/ISP,False,5,0,peeringdb_reject_type,"PeeringDB,RIPEstat"
eastern_europe,PL,50467,Beskid Media,15021,Cable/DSL/ISP,False,5,0,peeringdb_reject_type,"PeeringDB,RIPEstat"
eastern_europe,PL,206162,WIFI-ELEKTRONIK,17070,,False,10,0,default_reject,"PeeringDB,RIPEstat"
eastern_europe,PL,206184,RSONLINE Spolka z o.o.,19801,,False,10,0,default_reject,"PeeringDB,RIPEstat"
eastern_europe,PL,50550,K3 Telecom Sp. z o.o.,15862,Cable/DSL/ISP,False,5,0,peeringdb_reject_type,"PeeringDB,RIPEstat"
eastern_europe,PL,50551,EURO PC Piotr Kwasnik,39705,Cable/DSL/ISP,False,5,0,peeringdb_reject_type,"PeeringDB,RIPEstat"
eastern_europe,PL,198007,dobrafirma.pl,15668,Cable/DSL/ISP,False,5,0,peeringdb_reject_type,"PeeringDB,RIPEstat"
eastern_europe,PL,34169,Media-Com Sp. z o.o.,17054,Cable/DSL/ISP,False,5,0,peeringdb_reject_type,"PeeringDB,RIPEstat"
eastern_europe,PL,42374,INSTALNET SZABAT RYDZEWSKI SPOLKA JAWNA,15776,Cable/DSL/ISP,False,5,0,peeringdb_reject_type,"PeeringDB,RIPEstat"
eastern_europe,PL,198023,Jessa,39649,,False,10,0,default_reject,"PeeringDB,RIPEstat"
eastern_europe,PL,198035,MIRASOFT Sp. z o.o.,15275,Cable/DSL/ISP,False,5,0,peeringdb_reject_type,"PeeringDB,RIPEstat"
eastern_europe,PL,198036,NETSERVIS,31256,,False,10,0,default_reject,"PeeringDB,RIPEstat"
eastern_europe,PL,198040,CHOJNET Maciej Szypryt,15605,Cable/DSL/ISP,False,5,0,peeringdb_reject_type,"PeeringDB,RIPEstat"
eastern_europe,PL,50599,DATASPACE-PL,16124,NSP,True,60,26,peeringdb_type,"PeeringDB,RIPEstat"
eastern_europe,PL,50606,VirtuaOperator,5020,NSP,True,60,29,peeringdb_type,"PeeringDB,RIPEstat"
eastern_europe,PL,50625,"Krosnienckie Centrum Informatyczne ""Krosoft""",11540,NSP,True,60,14,peeringdb_type,"PeeringDB,RIPEstat"
eastern_europe,PL,198081,Aduro Network Technologies,20435,Cable/DSL/ISP,False,5,0,peeringdb_reject_type,"PeeringDB,RIPEstat"
eastern_europe,PL,206282,Lukasz Krzesinski,44696,,False,10,0,default_reject,"PeeringDB,RIPEstat"
eastern_europe,PL,198091,e-Call Polska Sp. z o.o.,15673,Cable/DSL/ISP,False,5,0,peeringdb_reject_type,"PeeringDB,RIPEstat"
eastern_europe,PL,34254,HOR.NET Polska,35116,,False,10,0,default_reject,"PeeringDB,RIPEstat"
eastern_europe,PL,214481,Wojciech Czapkowicz,38796,Content,False,5,0,peeringdb_reject_type,"PeeringDB,RIPEstat"
eastern_europe,PL,198098,ARTKOM,28013,Cable/DSL/ISP,False,5,0,peeringdb_reject_type,"PeeringDB,RIPEstat"
eastern_europe,PL,214487,WEDEPLOY,43898,NSP,True,60,1,peeringdb_type,"PeeringDB,RIPEstat"
eastern_europe,PL,198112,Leszek Checik trading as PROSAT S.C.,42978,,False,10,0,default_reject,"PeeringDB,RIPEstat"
eastern_europe,PL,206319,Fibre,16667,Cable/DSL/ISP,False,5,0,peeringdb_reject_type,"PeeringDB,RIPEstat"
eastern_europe,PL,198131,Centrum Informatyki ZETO AS198131,34005,,False,10,0,default_reject,"PeeringDB,RIPEstat"
eastern_europe,PL,42490,ZETO-RZESZOW,17062,Cable/DSL/ISP,False,5,0,peeringdb_reject_type,"PeeringDB,RIPEstat"
eastern_europe,PL,198151,NCORE Sp. z o.o.,14967,Cable/DSL/ISP,True,45,1,name_keyword,"PeeringDB,RIPEstat"
eastern_europe,PL,198158,"FIRMA USLUGOWO-HANDLOWA ""AG-net"" JOANNA MACZENSKA",39868,Cable/DSL/ISP,False,5,0,peeringdb_reject_type,"PeeringDB,RIPEstat"
eastern_europe,PL,50705,Telgam,15893,Cable/DSL/ISP,False,5,0,peeringdb_reject_type,"PeeringDB,RIPEstat"
eastern_europe,PL,34330,Polska Spolka Gazownictwa AS34330,31481,Enterprise,False,5,0,peeringdb_reject_type,"PeeringDB,RIPEstat"
eastern_europe,PL,34337,ELPOS,38228,Cable/DSL/ISP,False,5,0,peeringdb_reject_type,"PeeringDB,RIPEstat"
eastern_europe,PL,206369,ASTELEKOM,42569,Content,False,5,0,peeringdb_reject_type,"PeeringDB,RIPEstat"
eastern_europe,PL,34342,ATMAN AS34342,1540,,False,10,0,default_reject,"PeeringDB,RIPEstat"
eastern_europe,PL,198216,DIAMENT Jakub Hubert,15720,Cable/DSL/ISP,False,5,0,peeringdb_reject_type,"PeeringDB,RIPEstat"
eastern_europe,PL,50767,FIBERLINK Sp z o.o.,16003,Cable/DSL/ISP,False,5,0,peeringdb_reject_type,"PeeringDB,RIPEstat"
eastern_europe,PL,34390,IP4NET Sp. z o.o.,42981,,False,10,0,default_reject,"PeeringDB,RIPEstat"
eastern_europe,PL,198230,E-Cho Sp. z o.o.,44130,,False,10,0,default_reject,"PeeringDB,RIPEstat"
eastern_europe,PL,34393,Systel Systemy Teleinformatyczne Sp. z o.o.,11106,Cable/DSL/ISP,False,5,0,peeringdb_reject_type,"PeeringDB,RIPEstat"
eastern_europe,PL,198232,"ZAKLAD TELEWIZJI KABLOWEJ ""TELE-KAB"" MARIANNA GRYGA, HENRYK SMYREK S.C.",39652,Cable/DSL/ISP,False,5,0,peeringdb_reject_type,"PeeringDB,RIPEstat"
eastern_europe,PL,198235,GRAKOM ANDRZEJ LISZKA,14809,Cable/DSL/ISP,False,5,0,peeringdb_reject_type,"PeeringDB,RIPEstat"
eastern_europe,PL,206432,Treston,28293,Cable/DSL/ISP,False,5,0,peeringdb_reject_type,"PeeringDB,RIPEstat"
eastern_europe,PL,42598,MERK Solutions,33448,Content,False,5,0,peeringdb_reject_type,"PeeringDB,RIPEstat"
eastern_europe,PL,34409,Polska Press P3,19861,Content,False,5,0,peeringdb_reject_type,"PeeringDB,RIPEstat"
eastern_europe,PL,206442,Rawi-Net,19884,Cable/DSL/ISP,False,5,0,peeringdb_reject_type,"PeeringDB,RIPEstat"
eastern_europe,PL,206454,Jawornet,39506,Cable/DSL/ISP,False,5,0,peeringdb_reject_type,"PeeringDB,RIPEstat"
eastern_europe,PL,198269,CZEMPIN.NET,14841,Cable/DSL/ISP,False,5,0,peeringdb_reject_type,"PeeringDB,RIPEstat"
eastern_europe,PL,214666,CELLNEX POLAND Sp. z o.o.,38528,Enterprise,False,5,0,peeringdb_reject_type,"PeeringDB,RIPEstat"
eastern_europe,PL,50828,GPEC,40780,,False,10,0,default_reject,"PeeringDB,RIPEstat"
eastern_europe,PL,42643,Sebastian Baginski BLAST.PL,15491,Cable/DSL/ISP,False,5,0,peeringdb_reject_type,"PeeringDB,RIPEstat"
eastern_europe,PL,50840,HitMe.pl,27767,Content,False,5,0,peeringdb_reject_type,"PeeringDB,RIPEstat"
eastern_europe,PL,42656,Allegro.pl,19734,Content,False,5,0,peeringdb_reject_type,"PeeringDB,RIPEstat"
eastern_europe,PL,198327,Global Polska,31504,Cable/DSL/ISP,False,5,0,peeringdb_reject_type,"PeeringDB,RIPEstat"
eastern_europe,PL,198342,NYANET,35683,Non-Profit,False,10,0,default_reject,"PeeringDB,RIPEstat"
eastern_europe,PL,50898,MetroLine (AS50898),18845,,False,10,0,default_reject,"PeeringDB,RIPEstat"
eastern_europe,PL,34525,KOBA,14922,Cable/DSL/ISP,False,5,0,peeringdb_reject_type,"PeeringDB,RIPEstat"
eastern_europe,PL,42717,Uslugi Transportowe I Internetowe Trans-Net Grzegorz Goj,16486,Cable/DSL/ISP,False,5,0,peeringdb_reject_type,"PeeringDB,RIPEstat"
eastern_europe,PL,206559,PPHU Pokal,20621,NSP,True,60,3,peeringdb_type,"PeeringDB,RIPEstat"
eastern_europe,PL,34530,Asseco Cloud Sp. z o. o.,27991,,False,10,0,default_reject,"PeeringDB,RIPEstat"
eastern_europe,PL,198374,GESA NET,15735,Cable/DSL/ISP,False,5,0,peeringdb_reject_type,"PeeringDB,RIPEstat"
eastern_europe,PL,214762,MatHost.eu,38395,Content,False,5,0,peeringdb_reject_type,"PeeringDB,RIPEstat"
eastern_europe,PL,42739,HAWE TELEKOM,17474,NSP,True,60,18,peeringdb_type,"PeeringDB,RIPEstat"
eastern_europe,PL,206579,Hrubieszowska Telewizja Kablowa (HTK),38838,Cable/DSL/ISP,False,5,0,peeringdb_reject_type,"PeeringDB,RIPEstat"
eastern_europe,PL,198389,EASY NET Arkadiusz Merchel,15103,Cable/DSL/ISP,False,5,0,peeringdb_reject_type,"PeeringDB,RIPEstat"
eastern_europe,PL,206581,Marcin Wietecha WietNet,37254,Cable/DSL/ISP,False,5,0,peeringdb_reject_type,"PeeringDB,RIPEstat"
eastern_europe,PL,198408,E-Mouse Karol Urbanowicz,9289,NSP,True,60,7,peeringdb_type,"PeeringDB,RIPEstat"
eastern_europe,PL,42763,Czajen,29009,Cable/DSL/ISP,False,5,0,peeringdb_reject_type,"PeeringDB,RIPEstat"
eastern_europe,PL,198412,Rage4 Networks Limited,12454,Content,False,5,0,peeringdb_reject_type,"PeeringDB,RIPEstat"
eastern_europe,PL,198416,elzappero.net,15004,Cable/DSL/ISP,False,5,0,peeringdb_reject_type,"PeeringDB,RIPEstat"
eastern_europe,PL,198424,HLG Sp. z o.o.,15871,Cable/DSL/ISP,False,5,0,peeringdb_reject_type,"PeeringDB,RIPEstat"
eastern_europe,PL,198430,vSolutions,15464,Content,False,5,0,peeringdb_reject_type,"PeeringDB,RIPEstat"
eastern_europe,PL,206640,KarwosNET,22702,Cable/DSL/ISP,False,5,0,peeringdb_reject_type,"PeeringDB,RIPEstat"
eastern_europe,PL,198457,ECOM,41989,Enterprise,False,5,0,peeringdb_reject_type,"PeeringDB,RIPEstat"
eastern_europe,PL,206651,Telemedian,22443,,False,10,0,default_reject,"PeeringDB,RIPEstat"
eastern_europe,PL,42830,TV SAT 364,13798,Cable/DSL/ISP,False,5,0,peeringdb_reject_type,"PeeringDB,RIPEstat"
eastern_europe,PL,206674,Telecentrum,17057,,False,10,0,default_reject,"PeeringDB,RIPEstat"
eastern_europe,PL,198493,Enternet Pawel Miazga,19730,Cable/DSL/ISP,False,5,0,peeringdb_reject_type,"PeeringDB,RIPEstat"
eastern_europe,PL,198495,Polpharma Spolka Akcyjna,23490,Enterprise,False,5,0,peeringdb_reject_type,"PeeringDB,RIPEstat"
eastern_europe,PL,198498,Dolnet Group,15451,Cable/DSL/ISP,False,5,0,peeringdb_reject_type,"PeeringDB,RIPEstat"
eastern_europe,PL,214896,Netgp System,44693,,False,10,0,default_reject,"PeeringDB,RIPEstat"
eastern_europe,PL,51060,LandTech,16057,Cable/DSL/ISP,False,5,0,peeringdb_reject_type,"PeeringDB,RIPEstat"
eastern_europe,PL,198518,Milichsoft Net,36611,Cable/DSL/ISP,False,5,0,peeringdb_reject_type,"PeeringDB,RIPEstat"
eastern_europe,PL,51068,AgaNet,16489,Cable/DSL/ISP,False,5,0,peeringdb_reject_type,"PeeringDB,RIPEstat"
eastern_europe,PL,198537,KAMNET Kamil Turon,14972,Cable/DSL/ISP,False,5,0,peeringdb_reject_type,"PeeringDB,RIPEstat"
eastern_europe,PL,51101,Rewolucja-Net Marceli Kaczor,16084,Cable/DSL/ISP,False,5,0,peeringdb_reject_type,"PeeringDB,RIPEstat"
eastern_europe,PL,198560,ITCare Pawel Staszewski,15853,Content,False,5,0,peeringdb_reject_type,"PeeringDB,RIPEstat"
eastern_europe,PL,206758,Arkadiusz Jerzy Kochanski trading as Akomp Systemy Informatyczne,15561,Cable/DSL/ISP,False,5,0,peeringdb_reject_type,"PeeringDB,RIPEstat"
eastern_europe,PL,206762,WEBRING INTERNET SOLUTIONS,16863,Cable/DSL/ISP,False,5,0,peeringdb_reject_type,"PeeringDB,RIPEstat"
eastern_europe,PL,42927,S-NET Sp. z o.o.,7704,NSP,True,60,37,peeringdb_type,"PeeringDB,RIPEstat"
eastern_europe,PL,198577,BEST PARTNER Andrzej Czachor,37012,,False,10,0,default_reject,"PeeringDB,RIPEstat"
eastern_europe,PL,198579,komputersat,17873,Cable/DSL/ISP,False,5,0,peeringdb_reject_type,"PeeringDB,RIPEstat"
eastern_europe,PL,198591,Cludo Sp. z o.o.,16732,Enterprise,False,5,0,peeringdb_reject_type,"PeeringDB,RIPEstat"
eastern_europe,PL,198594,MPWIK_PULAWY,40263,,False,10,0,default_reject,"PeeringDB,RIPEstat"
eastern_europe,PL,198595,Focus Telecom Polska,31043,,False,10,0,default_reject,"PeeringDB,RIPEstat"
eastern_europe,PL,198604,Victor.pl,17446,Cable/DSL/ISP,False,5,0,peeringdb_reject_type,"PeeringDB,RIPEstat"
eastern_europe,PL,42968,KPSI,17975,Enterprise,False,5,0,peeringdb_reject_type,"PeeringDB,RIPEstat"
eastern_europe,PL,42981,RES.PL,14959,Enterprise,False,5,0,peeringdb_reject_type,"PeeringDB,RIPEstat"
eastern_europe,PL,51175,Multiplay Sp. z o.o.,33866,Cable/DSL/ISP,False,5,0,peeringdb_reject_type,"PeeringDB,RIPEstat"
eastern_europe,PL,198655,Net-Connect Karol Sarlej,42423,Cable/DSL/ISP,False,5,0,peeringdb_reject_type,"PeeringDB,RIPEstat"
eastern_europe,PL,59415,PPHU Haker Mateusz Dymitruk,15173,Cable/DSL/ISP,False,5,0,peeringdb_reject_type,"PeeringDB,RIPEstat"
eastern_europe,PL,59444,AMSNET Andrzej Szreter,14861,Cable/DSL/ISP,False,5,0,peeringdb_reject_type,"PeeringDB,RIPEstat"
eastern_europe,PL,198709,Info-Serwis Jacek Jarosz,15869,Cable/DSL/ISP,False,5,0,peeringdb_reject_type,"PeeringDB,RIPEstat"
eastern_europe,PL,206910,Bestconnect,15725,Cable/DSL/ISP,False,5,0,peeringdb_reject_type,"PeeringDB,RIPEstat"
eastern_europe,PL,59460,M3.NET,15794,Cable/DSL/ISP,False,5,0,peeringdb_reject_type,"PeeringDB,RIPEstat"
eastern_europe,PL,43093,LYNXNET Pawel Krzaczkowski Krzysztof Malek,39826,Cable/DSL/ISP,False,5,0,peeringdb_reject_type,"PeeringDB,RIPEstat"
eastern_europe,PL,51290,HosTeam,5979,Content,False,5,0,peeringdb_reject_type,"PeeringDB,RIPEstat"
eastern_europe,PL,206948,KAJA Komputer Krzysztof Jasek,39513,Cable/DSL/ISP,False,5,0,peeringdb_reject_type,"PeeringDB,RIPEstat"
eastern_europe,PL,51310,MATRONIX,15478,Cable/DSL/ISP,True,45,8,name_keyword,"PeeringDB,RIPEstat"
eastern_europe,PL,198766,Netsystem,16365,Cable/DSL/ISP,False,5,0,peeringdb_reject_type,"PeeringDB,RIPEstat"
eastern_europe,PL,206957,KARIO-SAT,15965,,False,10,0,default_reject,"PeeringDB,RIPEstat"
eastern_europe,PL,51337,DEBACOM,15329,Cable/DSL/ISP,False,5,0,peeringdb_reject_type,"PeeringDB,RIPEstat"
eastern_europe,PL,43171,Maxnet PL,15479,Cable/DSL/ISP,False,5,0,peeringdb_reject_type,"PeeringDB,RIPEstat"
eastern_europe,PL,207033,DTnet,20239,,False,10,0,default_reject,"PeeringDB,RIPEstat"
eastern_europe,PL,51390,MTM-INFO S.J.,15916,Cable/DSL/ISP,False,5,0,peeringdb_reject_type,"PeeringDB,RIPEstat"
eastern_europe,PL,35007,Miconet,16368,Cable/DSL/ISP,False,5,0,peeringdb_reject_type,"PeeringDB,RIPEstat"
eastern_europe,PL,51394,Akasha.net Sp. z o.o.,14849,Cable/DSL/ISP,False,5,0,peeringdb_reject_type,"PeeringDB,RIPEstat"
eastern_europe,PL,51399,Fiberway,14843,Cable/DSL/ISP,False,5,0,peeringdb_reject_type,"PeeringDB,RIPEstat"
eastern_europe,PL,198857,nowogrod.NET,19830,Cable/DSL/ISP,False,5,0,peeringdb_reject_type,"PeeringDB,RIPEstat"
eastern_europe,PL,59607,"Telewizja Kablowa Hajnowka, Kiedys, Kiryluk, SJ",16371,,False,10,0,default_reject,"PeeringDB,RIPEstat"
eastern_europe,PL,59611,GIG@NET Internet w Twoim Domu P. Jastrzebski,15957,Cable/DSL/ISP,False,5,0,peeringdb_reject_type,"PeeringDB,RIPEstat"
eastern_europe,PL,198891,Net Area,19576,Cable/DSL/ISP,False,5,0,peeringdb_reject_type,"PeeringDB,RIPEstat"
eastern_europe,PL,43253,Cebit MAriusz Marton,38662,,False,10,0,default_reject,"PeeringDB,RIPEstat"
eastern_europe,PL,35063,Chopin Telewizja Kablowa,32427,Cable/DSL/ISP,False,5,0,peeringdb_reject_type,"PeeringDB,RIPEstat"
eastern_europe,PL,198906,InterArena,15875,Cable/DSL/ISP,False,5,0,peeringdb_reject_type,"PeeringDB,RIPEstat"
eastern_europe,PL,198909,Bartosz Bartczak Algrim 2,15512,Cable/DSL/ISP,False,5,0,peeringdb_reject_type,"PeeringDB,RIPEstat"
eastern_europe,PL,198910,NETPAK,23048,Cable/DSL/ISP,False,5,0,peeringdb_reject_type,"PeeringDB,RIPEstat"
eastern_europe,PL,51465,M3.NET Transit,36113,NSP,True,70,3,peeringdb_type+name_keyword,"PeeringDB,RIPEstat"
eastern_europe,PL,51484,BLOKOWE,18429,Cable/DSL/ISP,False,5,0,peeringdb_reject_type,"PeeringDB,RIPEstat"
eastern_europe,PL,198948,UNINET Sp. z o.o.,15019,Cable/DSL/ISP,False,5,0,peeringdb_reject_type,"PeeringDB,RIPEstat"
eastern_europe,PL,35115,BESTGOPL-WROCLAW,25109,,False,10,0,default_reject,"PeeringDB,RIPEstat"
eastern_europe,PL,207156,Laito Sp. z o. o.,16380,Cable/DSL/ISP,False,5,0,peeringdb_reject_type,"PeeringDB,RIPEstat"
eastern_europe,PL,43326,Nasza Wizja,34070,,False,10,0,default_reject,"PeeringDB,RIPEstat"
eastern_europe,PL,198975,MATSAT,36642,Cable/DSL/ISP,False,5,0,peeringdb_reject_type,"PeeringDB,RIPEstat"
eastern_europe,PL,198984,Bialnet,28019,Cable/DSL/ISP,False,5,0,peeringdb_reject_type,"PeeringDB,RIPEstat"
eastern_europe,PL,35152,Network Consulting,15967,Enterprise,False,5,0,peeringdb_reject_type,"PeeringDB,RIPEstat"
eastern_europe,PL,207208,Mevspace - Internet Service,22326,Content,False,5,0,peeringdb_reject_type,"PeeringDB,RIPEstat"
eastern_europe,PL,35179,Korbank,14865,NSP,True,60,31,peeringdb_type,"PeeringDB,RIPEstat"
eastern_europe,PL,43372,TELNAP TELECOM,31134,Cable/DSL/ISP,False,5,0,peeringdb_reject_type,"PeeringDB,RIPEstat"
eastern_europe,PL,207221,RADIO NET,28005,Cable/DSL/ISP,False,5,0,peeringdb_reject_type,"PeeringDB,RIPEstat"
eastern_europe,PL,43386,N3T Projekt,39823,,False,10,0,default_reject,"PeeringDB,RIPEstat"
eastern_europe,PL,35199,ENFORMATEL,15490,Cable/DSL/ISP,False,5,0,peeringdb_reject_type,"PeeringDB,RIPEstat"
eastern_europe,PL,59782,INTERBLOCK,30730,Cable/DSL/ISP,False,5,0,peeringdb_reject_type,"PeeringDB,RIPEstat"
eastern_europe,PL,215437,SummerHosting sp. z o. o.,38129,Content,False,5,0,peeringdb_reject_type,"PeeringDB,RIPEstat"
eastern_europe,PL,51619,CITY PARTNER SPOLKA Z OGRANICZONA ODPOWIEDZIALNOSCIA,14838,Cable/DSL/ISP,False,5,0,peeringdb_reject_type,"PeeringDB,RIPEstat"
eastern_europe,PL,199075,TVEUROSAT,39318,Cable/DSL/ISP,False,5,0,peeringdb_reject_type,"PeeringDB,RIPEstat"
eastern_europe,PL,51636,BORKOW.ORG PPHU,15708,Cable/DSL/ISP,False,5,0,peeringdb_reject_type,"PeeringDB,RIPEstat"
eastern_europe,PL,43447,Orange Polska - Mobile,16785,Cable/DSL/ISP,False,5,0,peeringdb_reject_type,"PeeringDB,RIPEstat"
eastern_europe,PL,59832,FLDX,374,Content,False,5,0,peeringdb_reject_type,"PeeringDB,RIPEstat"
eastern_europe,PL,51648,GIGAINTERNET Sp. z o.o.,16446,Cable/DSL/ISP,False,5,0,peeringdb_reject_type,"PeeringDB,RIPEstat"
eastern_europe,PL,199113,SOFTEX,17380,Cable/DSL/ISP,False,5,0,peeringdb_reject_type,"PeeringDB,RIPEstat"
eastern_europe,PL,43476,leniwiec.biz,31947,Content,False,5,0,peeringdb_reject_type,"PeeringDB,RIPEstat"
eastern_europe,PL,215514,KempNet Przemyslaw Kempa,37517,Cable/DSL/ISP,False,5,0,peeringdb_reject_type,"PeeringDB,RIPEstat"
eastern_europe,PL,51675,WEBDEV Sp. z o.o.,42639,,False,10,0,default_reject,"PeeringDB,RIPEstat"
eastern_europe,PL,43495,eDial,15667,Cable/DSL/ISP,False,5,0,peeringdb_reject_type,"PeeringDB,RIPEstat"
eastern_europe,PL,35306,P.P.H. RENE,15614,Cable/DSL/ISP,False,5,0,peeringdb_reject_type,"PeeringDB,RIPEstat"
eastern_europe,PL,43506,Generalna Dyrekcja Drog Krajowych i Autostrad,35483,Government,False,10,0,default_reject,"PeeringDB,RIPEstat"
eastern_europe,PL,199197,Raich,20341,,False,10,0,default_reject,"PeeringDB,RIPEstat"
eastern_europe,PL,2590,Data Techno Park,17086,NSP,True,60,7,peeringdb_type,"PeeringDB,RIPEstat"
eastern_europe,PL,199201,SPI-NET Norbert Nowicki,16275,Cable/DSL/ISP,False,5,0,peeringdb_reject_type,"PeeringDB,RIPEstat"
eastern_europe,PL,59945,A. Z. Hynasinscy sp. j.,15014,Cable/DSL/ISP,False,5,0,peeringdb_reject_type,"PeeringDB,RIPEstat"
eastern_europe,PL,51757,Infratel,22093,,False,10,0,default_reject,"PeeringDB,RIPEstat"
eastern_europe,PL,51792,GIGAINTERNET,16446,Cable/DSL/ISP,False,5,0,peeringdb_reject_type,"PeeringDB,RIPEstat"
eastern_europe,PL,199250,Centrum Komputerowe PARTNET Mirosław Wolszlegier,15845,Cable/DSL/ISP,False,5,0,peeringdb_reject_type,"PeeringDB,RIPEstat"
eastern_europe,PL,59990,Netrunner ISP,14876,Cable/DSL/ISP,False,5,0,peeringdb_reject_type,"PeeringDB,RIPEstat"
eastern_europe,PL,199265,Inwep,15878,Cable/DSL/ISP,False,5,0,peeringdb_reject_type,"PeeringDB,RIPEstat"
eastern_europe,PL,215652,Jakub Artur Bald,41569,Educational/Research,False,10,0,default_reject,"PeeringDB,RIPEstat"
eastern_europe,PL,35434,PirxNet Grzegorz Bialas,15286,Cable/DSL/ISP,False,5,0,peeringdb_reject_type,"PeeringDB,RIPEstat"
eastern_europe,PL,60018,MAXIA,32118,Cable/DSL/ISP,False,5,0,peeringdb_reject_type,"PeeringDB,RIPEstat"
eastern_europe,PL,43641,SOLLUTIUM EU Sp z.o.o.,43208,,False,10,0,default_reject,"PeeringDB,RIPEstat"
eastern_europe,PL,199296,Virtual Space,18762,,False,10,0,default_reject,"PeeringDB,RIPEstat"
eastern_europe,PL,43679,Petrus,13710,Cable/DSL/ISP,False,5,0,peeringdb_reject_type,"PeeringDB,RIPEstat"
eastern_europe,PL,199341,Margonet,16440,Cable/DSL/ISP,False,5,0,peeringdb_reject_type,"PeeringDB,RIPEstat"
eastern_europe,PL,199344,1-BG FREE,35751,Route Server,True,60,0,peeringdb_type,"PeeringDB,RIPEstat"
eastern_europe,PL,199356,Tellion,29294,Cable/DSL/ISP,False,5,0,peeringdb_reject_type,"PeeringDB,RIPEstat"
eastern_europe,PL,199378,DBS Internet,30645,NSP,True,60,1,peeringdb_type,"PeeringDB,RIPEstat"
eastern_europe,PL,199381,DATAMAX,16127,Cable/DSL/ISP,False,5,0,peeringdb_reject_type,"PeeringDB,RIPEstat"
eastern_europe,PL,51931,ARPNET WOJCIECH CHODACKI,14831,Cable/DSL/ISP,False,5,0,peeringdb_reject_type,"PeeringDB,RIPEstat"
eastern_europe,PL,199410,TMF Poland TruNet Maciej Filipowicz,15076,Cable/DSL/ISP,False,5,0,peeringdb_reject_type,"PeeringDB,RIPEstat"
eastern_europe,PL,199413,AIR NET (AS199413),15607,Cable/DSL/ISP,False,5,0,peeringdb_reject_type,"PeeringDB,RIPEstat"
eastern_europe,PL,199416,Vultus,19749,,False,10,0,default_reject,"PeeringDB,RIPEstat"
eastern_europe,PL,35585,FHU Komnet Grzegorz Poltorak,14965,Cable/DSL/ISP,False,5,0,peeringdb_reject_type,"PeeringDB,RIPEstat"
eastern_europe,PL,199439,Dreamlink sp. z o.o.,35074,Cable/DSL/ISP,False,5,0,peeringdb_reject_type,"PeeringDB,RIPEstat"
eastern_europe,PL,199449,netkomplanet,28281,Cable/DSL/ISP,False,5,0,peeringdb_reject_type,"PeeringDB,RIPEstat"
eastern_europe,PL,199451,NET-SPACE,17056,Cable/DSL/ISP,False,5,0,peeringdb_reject_type,"PeeringDB,RIPEstat"
eastern_europe,PL,60191,Nowatel,15773,Cable/DSL/ISP,False,5,0,peeringdb_reject_type,"PeeringDB,RIPEstat"
eastern_europe,PL,60195,Scarnet,28182,Cable/DSL/ISP,False,5,0,peeringdb_reject_type,"PeeringDB,RIPEstat"
eastern_europe,PL,207668,ITH,31028,NSP,True,60,8,peeringdb_type,"PeeringDB,RIPEstat"
eastern_europe,PL,207684,BAJTNET,28311,Cable/DSL/ISP,False,5,0,peeringdb_reject_type,"PeeringDB,RIPEstat"
eastern_europe,PL,199494,ETTH Bartosz Bachowski,14823,Cable/DSL/ISP,False,5,0,peeringdb_reject_type,"PeeringDB,RIPEstat"
eastern_europe,PL,199503,LanNet LW,16238,Cable/DSL/ISP,False,5,0,peeringdb_reject_type,"PeeringDB,RIPEstat"
eastern_europe,PL,199510,WIFIMAX,15523,Cable/DSL/ISP,False,5,0,peeringdb_reject_type,"PeeringDB,RIPEstat"
eastern_europe,PL,199517,Intermatik Mateusz Skucik,15258,Cable/DSL/ISP,False,5,0,peeringdb_reject_type,"PeeringDB,RIPEstat"
eastern_europe,PL,52101,INET CENTRUM S.C.,15784,Cable/DSL/ISP,False,5,0,peeringdb_reject_type,"PeeringDB,RIPEstat"
eastern_europe,PL,52106,GALATEA - Dominik Budzowski,15604,Cable/DSL/ISP,False,5,0,peeringdb_reject_type,"PeeringDB,RIPEstat"
eastern_europe,PL,52110,IPC ROMAN ROMANOWSKI,32071,Cable/DSL/ISP,False,5,0,peeringdb_reject_type,"PeeringDB,RIPEstat"
eastern_europe,PL,35745,Provector,8516,NSP,True,60,17,peeringdb_type,"PeeringDB,RIPEstat"
eastern_europe,PL,199585,TELNET Ropczyce Sp. z o.o.,15885,Cable/DSL/ISP,False,5,0,peeringdb_reject_type,"PeeringDB,RIPEstat"
eastern_europe,PL,43939,Interntia Sp. z o.o.,10770,Cable/DSL/ISP,False,5,0,peeringdb_reject_type,"PeeringDB,RIPEstat"
eastern_europe,PL,60336,Krakowski Internet,8290,Cable/DSL/ISP,False,5,0,peeringdb_reject_type,"PeeringDB,RIPEstat"
eastern_europe,PL,35760,PROXNET SP.J.,15271,Cable/DSL/ISP,False,5,0,peeringdb_reject_type,"PeeringDB,RIPEstat"
eastern_europe,PL,35787,Internet Cafe uslugi informatyczne Miroslaw Backiel,15718,Cable/DSL/ISP,False,5,0,peeringdb_reject_type,"PeeringDB,RIPEstat"
eastern_europe,PL,216029,Simset.Net,40523,Cable/DSL/ISP,False,5,0,peeringdb_reject_type,"PeeringDB,RIPEstat"
eastern_europe,PL,52195,AP-MEDIA,15582,Cable/DSL/ISP,False,5,0,peeringdb_reject_type,"PeeringDB,RIPEstat"
eastern_europe,PL,44061,SAT-MONT-SERVICE Sp. J.,25018,NSP,True,60,11,peeringdb_type,"PeeringDB,RIPEstat"
eastern_europe,PL,199715,MSI Telekom Sp. z o.o. Sp. k.,38192,,False,10,0,default_reject,"PeeringDB,RIPEstat"
eastern_europe,PL,199723,Strzyzowski.Net,14845,Cable/DSL/ISP,False,5,0,peeringdb_reject_type,"PeeringDB,RIPEstat"
eastern_europe,PL,60466,INTROLAN Marzenna Barbara Bronakowska,15867,,False,10,0,default_reject,"PeeringDB,RIPEstat"
eastern_europe,PL,44086,Tonetic,22780,Cable/DSL/ISP,False,5,0,peeringdb_reject_type,"PeeringDB,RIPEstat"
eastern_europe,PL,199742,Yaroslav Podieiapolskii,43781,Network Services,False,10,0,default_reject,"PeeringDB,RIPEstat"
eastern_europe,PL,199763,Piotr Chrzanowski,34592,Non-Profit,False,10,0,default_reject,"PeeringDB,RIPEstat"
eastern_europe,PL,44124,Rybnet,15017,Cable/DSL/ISP,False,5,0,peeringdb_reject_type,"PeeringDB,RIPEstat"
eastern_europe,PL,199787,StormNet Ireneusz Kot,15475,Cable/DSL/ISP,False,5,0,peeringdb_reject_type,"PeeringDB,RIPEstat"
eastern_europe,PL,60534,Laguna sp. z o.o.,15783,Cable/DSL/ISP,False,5,0,peeringdb_reject_type,"PeeringDB,RIPEstat"
eastern_europe,PL,199842,PANCOM Panek Przemyslaw,16058,Cable/DSL/ISP,False,5,0,peeringdb_reject_type,"PeeringDB,RIPEstat"
eastern_europe,PL,199846,ComNet Multimedia Sp. z o.o.,15277,Cable/DSL/ISP,False,5,0,peeringdb_reject_type,"PeeringDB,RIPEstat"
eastern_europe,PL,208041,INTERTELL,24100,Cable/DSL/ISP,False,5,0,peeringdb_reject_type,"PeeringDB,RIPEstat"
eastern_europe,PL,60589,Liquid Systems Sp. z o.o.,42980,,False,10,0,default_reject,"PeeringDB,RIPEstat"
eastern_europe,PL,60594,T-Band,22456,Enterprise,False,5,0,peeringdb_reject_type,"PeeringDB,RIPEstat"
eastern_europe,PL,60646,LutekLAN.pl,19723,Cable/DSL/ISP,False,5,0,peeringdb_reject_type,"PeeringDB,RIPEstat"
eastern_europe,PL,44284,TRONIC,33656,,False,10,0,default_reject,"PeeringDB,RIPEstat"
eastern_europe,PL,216316,COCON,36800,Enterprise,False,5,0,peeringdb_reject_type,"PeeringDB,RIPEstat"
eastern_europe,PL,216323,FASTAR,39848,Cable/DSL/ISP,False,5,0,peeringdb_reject_type,"PeeringDB,RIPEstat"
eastern_europe,PL,208141,Stare Gliwice,40162,Cable/DSL/ISP,False,5,0,peeringdb_reject_type,"PeeringDB,RIPEstat"
eastern_europe,PL,208145,Krzysztof Frac,37043,Cable/DSL/ISP,False,5,0,peeringdb_reject_type,"PeeringDB,RIPEstat"
eastern_europe,PL,60695,NETRONIK,15852,Cable/DSL/ISP,False,5,0,peeringdb_reject_type,"PeeringDB,RIPEstat"
eastern_europe,PL,199981,ZAKLAD GOSPODARKI LOKALOWEJ SP. Z O.O. W BIALEJ PODLASKIEJ,16200,Cable/DSL/ISP,False,5,0,peeringdb_reject_type,"PeeringDB,RIPEstat"
eastern_europe,PL,200001,F.H.U. BALMONT,14974,Enterprise,False,5,0,peeringdb_reject_type,"PeeringDB,RIPEstat"
eastern_europe,PL,60782,Inter Plus,40589,Cable/DSL/ISP,False,5,0,peeringdb_reject_type,"PeeringDB,RIPEstat"
eastern_europe,PL,216439,Lokalna.net,37235,Cable/DSL/ISP,False,5,0,peeringdb_reject_type,"PeeringDB,RIPEstat"
eastern_europe,PL,216446,Insatel Sp. z o.o.,37661,Cable/DSL/ISP,False,5,0,peeringdb_reject_type,"PeeringDB,RIPEstat"
eastern_europe,PL,60806,ZICOM,39621,Cable/DSL/ISP,False,5,0,peeringdb_reject_type,"PeeringDB,RIPEstat"
eastern_europe,PL,60809,SMPRASZKA,38367,Cable/DSL/ISP,False,5,0,peeringdb_reject_type,"PeeringDB,RIPEstat"
eastern_europe,PL,60810,ATMEL,24895,Cable/DSL/ISP,False,5,0,peeringdb_reject_type,"PeeringDB,RIPEstat"
eastern_europe,PL,60816,InterAction,25542,Cable/DSL/ISP,False,5,0,peeringdb_reject_type,"PeeringDB,RIPEstat"
eastern_europe,PL,200088,ARTNET2,19760,,False,10,0,default_reject,"PeeringDB,RIPEstat"
eastern_europe,PL,200089,AMS SYSTEM sp. z o.o.,15619,Enterprise,False,5,0,peeringdb_reject_type,"PeeringDB,RIPEstat"
eastern_europe,PL,200125,AVITO,14910,Cable/DSL/ISP,False,5,0,peeringdb_reject_type,"PeeringDB,RIPEstat"
eastern_europe,PL,200142,IPMEDIA,15311,Cable/DSL/ISP,False,5,0,peeringdb_reject_type,"PeeringDB,RIPEstat"
eastern_europe,PL,60884,Netdrive.pl,15465,Cable/DSL/ISP,False,5,0,peeringdb_reject_type,"PeeringDB,RIPEstat"
eastern_europe,PL,200176,HARDSOFT,15877,,False,10,0,default_reject,"PeeringDB,RIPEstat"
eastern_europe,PL,60920,"""Net Center"" Stepniewski Piotr",19797,,False,10,0,default_reject,"PeeringDB,RIPEstat"
eastern_europe,PL,200197,Hybrid Adtech Poland,34867,Content,False,5,0,peeringdb_reject_type,"PeeringDB,RIPEstat"
eastern_europe,PL,200201,JOT23-VPS,33712,Non-Profit,False,10,0,default_reject,"PeeringDB,RIPEstat"
eastern_europe,PL,60964,AppDistrict sp. z o.o.,19719,Content,False,5,0,peeringdb_reject_type,"PeeringDB,RIPEstat"
eastern_europe,PL,200253,MILNET Sp. z o.o.,38420,Cable/DSL/ISP,False,5,0,peeringdb_reject_type,"PeeringDB,RIPEstat"
eastern_europe,PL,44655,METROLINE,18845,Cable/DSL/ISP,False,5,0,peeringdb_reject_type,"PeeringDB,RIPEstat"
eastern_europe,PL,61064,Tele-Necik.PL,25545,Cable/DSL/ISP,False,5,0,peeringdb_reject_type,"PeeringDB,RIPEstat"
eastern_europe,PL,44692,Domtel Telecom,17063,Cable/DSL/ISP,False,5,0,peeringdb_reject_type,"PeeringDB,RIPEstat"
eastern_europe,PL,208566,Rozetka,25530,Content,False,5,0,peeringdb_reject_type,"PeeringDB,RIPEstat"
eastern_europe,PL,200410,Scoon Hardware Lab,21067,Cable/DSL/ISP,False,5,0,peeringdb_reject_type,"PeeringDB,RIPEstat"
eastern_europe,PL,61154,IntegraDesign,15855,Content,False,5,0,peeringdb_reject_type,"PeeringDB,RIPEstat"
eastern_europe,PL,44784,"Szajkowski Piotr ""APCOM POLAND""",15557,Cable/DSL/ISP,False,5,0,peeringdb_reject_type,"PeeringDB,RIPEstat"
eastern_europe,PL,200438,Ilios-System,14981,Cable/DSL/ISP,False,5,0,peeringdb_reject_type,"PeeringDB,RIPEstat"
eastern_europe,PL,61203,FIDRO,16364,Cable/DSL/ISP,False,5,0,peeringdb_reject_type,"PeeringDB,RIPEstat"
eastern_europe,PL,61233,TERRA TELEKOM SP. Z O.O.,16409,,False,10,0,default_reject,"PeeringDB,RIPEstat"
eastern_europe,PL,61242,Multinet Krzysztof Kupiec,19954,Cable/DSL/ISP,False,5,0,peeringdb_reject_type,"PeeringDB,RIPEstat"
eastern_europe,PL,200539,INTELLY,14863,Cable/DSL/ISP,False,5,0,peeringdb_reject_type,"PeeringDB,RIPEstat"
eastern_europe,PL,200574,VIFNET,24366,,False,10,0,default_reject,"PeeringDB,RIPEstat"
eastern_europe,PL,200577,BLUMEDIA PIOTR STRZALA,15729,Cable/DSL/ISP,False,5,0,peeringdb_reject_type,"PeeringDB,RIPEstat"
eastern_europe,PL,200602,GBN.PL Sp. z o.o.,15488,Cable/DSL/ISP,False,5,0,peeringdb_reject_type,"PeeringDB,RIPEstat"
eastern_europe,PL,200625,MAPNET,43513,Non-Profit,False,10,0,default_reject,"PeeringDB,RIPEstat"
eastern_europe,PL,208817,MAXNET,25408,Cable/DSL/ISP,False,5,0,peeringdb_reject_type,"PeeringDB,RIPEstat"
eastern_europe,PL,200668,PPHU GoldNET Dariusz Pluta,15995,Cable/DSL/ISP,False,5,0,peeringdb_reject_type,"PeeringDB,RIPEstat"
eastern_europe,PL,208892,DAINET,27986,Cable/DSL/ISP,False,5,0,peeringdb_reject_type,"PeeringDB,RIPEstat"
eastern_europe,PL,200750,Klinika Komputera Artur Wolski,15509,Cable/DSL/ISP,False,5,0,peeringdb_reject_type,"PeeringDB,RIPEstat"
eastern_europe,PL,208960,HOCHTIEF POLSKA S.A.,42844,Enterprise,False,5,0,peeringdb_reject_type,"PeeringDB,RIPEstat"
eastern_europe,PL,20552,Horyzont Technologie Internetowe,17680,,False,10,0,default_reject,"PeeringDB,RIPEstat"
eastern_europe,PL,20555,WIT Academy,6192,Educational/Research,False,10,0,default_reject,"PeeringDB,RIPEstat"
eastern_europe,PL,20592,Wojewodztwo Swietokrzyskie,29891,,False,10,0,default_reject,"PeeringDB,RIPEstat"
eastern_europe,PL,28785,Asseco Cloud Sp. z o. o. AS28785,27991,,False,10,0,default_reject,"PeeringDB,RIPEstat"
eastern_europe,PL,200862,DERNET,42749,Cable/DSL/ISP,False,5,0,peeringdb_reject_type,"PeeringDB,RIPEstat"
eastern_europe,PL,200863,"Przedsiebiorstwo Handlowo Uslugowe "" Kamdex"" Grzegorz Sztuczka",42611,Cable/DSL/ISP,False,5,0,peeringdb_reject_type,"PeeringDB,RIPEstat"
eastern_europe,PL,209062,airplusn,25679,,False,10,0,default_reject,"PeeringDB,RIPEstat"
eastern_europe,PL,200889,"WITEK MARIAN NAZWA FIRMY ""MARIAN WITEK""",14851,Cable/DSL/ISP,False,5,0,peeringdb_reject_type,"PeeringDB,RIPEstat"
eastern_europe,PL,20670,InfaNET,18886,Cable/DSL/ISP,False,5,0,peeringdb_reject_type,"PeeringDB,RIPEstat"
eastern_europe,PL,209086,Voltar-NET,22701,Cable/DSL/ISP,False,5,0,peeringdb_reject_type,"PeeringDB,RIPEstat"
eastern_europe,PL,200930,Geo-Com,20581,,False,10,0,default_reject,"PeeringDB,RIPEstat"
eastern_europe,PL,200999,pl-cloudferro,44545,,False,10,0,default_reject,"PeeringDB,RIPEstat"
eastern_europe,PL,201001,SpeedTransfer,16378,Cable/DSL/ISP,False,5,0,peeringdb_reject_type,"PeeringDB,RIPEstat"
eastern_europe,PL,28978,Centralny Osrodek Informatyki Gornictwa S.A. - COIG,8960,Enterprise,False,5,0,peeringdb_reject_type,"PeeringDB,RIPEstat"
eastern_europe,PL,201020,ilario sp. z o.o.,13307,Content,False,5,0,peeringdb_reject_type,"PeeringDB,RIPEstat"
eastern_europe,PL,20804,EXATEL SA,8714,NSP,True,60,16,peeringdb_type,"PeeringDB,RIPEstat"
eastern_europe,PL,201029,Redge Guardian DDoS mitigation,10215,,False,10,0,default_reject,"PeeringDB,RIPEstat"
eastern_europe,PL,12618,MAN Bydgoszcz COM,16618,NSP,True,60,14,peeringdb_type,"PeeringDB,RIPEstat"
eastern_europe,PL,201053,EPIX.Transit,16815,,True,45,0,name_keyword,"PeeringDB,RIPEstat"
eastern_europe,PL,201054,EPIX POLMIX,16815,,True,45,1,name_keyword,"PeeringDB,RIPEstat"
eastern_europe,PL,12642,P.W.U. INET Sp. z o.o.,15999,,False,10,0,default_reject,"PeeringDB,RIPEstat"
eastern_europe,PL,20853,ETOP Sp z o.o.,4645,NSP,True,60,48,peeringdb_type,"PeeringDB,RIPEstat"
eastern_europe,PL,209276,Lukasz Drab LUK-NET,39409,,False,10,0,default_reject,"PeeringDB,RIPEstat"
eastern_europe,PL,201112,awhost,42249,,False,10,0,default_reject,"PeeringDB,RIPEstat"
eastern_europe,PL,201132,MSCode,43349,Content,False,5,0,peeringdb_reject_type,"PeeringDB,RIPEstat"
eastern_europe,PL,20909,Unity S.A.,34793,,False,10,0,default_reject,"PeeringDB,RIPEstat"
eastern_europe,PL,12741,Netia,10478,NSP,True,60,165,peeringdb_type,"PeeringDB,RIPEstat"
eastern_europe,PL,20938,RET-SAT1,37203,Cable/DSL/ISP,False,5,0,peeringdb_reject_type,"PeeringDB,RIPEstat"
eastern_europe,PL,20960,TKTelekom,10478,NSP,True,60,9,peeringdb_type,"PeeringDB,RIPEstat"
eastern_europe,PL,12824,home.pl S.A.,19127,Content,False,5,0,peeringdb_reject_type,"PeeringDB,RIPEstat"
eastern_europe,PL,21021,Multimedia Polska S.A.,13928,NSP,True,60,47,peeringdb_type,"PeeringDB,RIPEstat"
eastern_europe,PL,29245,REYU.COM Rafal Reinert,15857,Cable/DSL/ISP,False,5,0,peeringdb_reject_type,"PeeringDB,RIPEstat"
eastern_europe,PL,62031,Sownet,39881,Cable/DSL/ISP,False,5,0,peeringdb_reject_type,"PeeringDB,RIPEstat"
eastern_europe,PL,62047,EPIX.Katowice,16815,Non-Profit,True,45,2,name_keyword,"PeeringDB,RIPEstat"
eastern_europe,PL,201314,Gigabit,14856,Cable/DSL/ISP,False,5,0,peeringdb_reject_type,"PeeringDB,RIPEstat"
eastern_europe,PL,12985,Wielunska Spoldzielnia Mieszkaniowa,9073,Cable/DSL/ISP,False,5,0,peeringdb_reject_type,"PeeringDB,RIPEstat"
eastern_europe,PL,209597,PEPOWO,42782,Cable/DSL/ISP,False,5,0,peeringdb_reject_type,"PeeringDB,RIPEstat"
eastern_europe,PL,12990,Grupa Onet.pl S.A.,7538,Content,False,5,0,peeringdb_reject_type,"PeeringDB,RIPEstat"
eastern_europe,PL,13000,Leon,13237,Cable/DSL/ISP,False,5,0,peeringdb_reject_type,"PeeringDB,RIPEstat"
eastern_europe,PL,62165,Host Direct sp. z o. o.,44425,Enterprise,False,5,0,peeringdb_reject_type,"PeeringDB,RIPEstat"
eastern_europe,PL,201434,Citystrada S.A.,42420,Content,False,5,0,peeringdb_reject_type,"PeeringDB,RIPEstat"
eastern_europe,PL,29414,Politechnika Bialostocka,26296,,False,10,0,default_reject,"PeeringDB,RIPEstat"
eastern_europe,PL,62201,KTM Telekom,16093,Cable/DSL/ISP,False,5,0,peeringdb_reject_type,"PeeringDB,RIPEstat"
eastern_europe,PL,201514,KASPOL,36640,Cable/DSL/ISP,False,5,0,peeringdb_reject_type,"PeeringDB,RIPEstat"
eastern_europe,PL,13110,INEA,34041,Cable/DSL/ISP,False,5,0,peeringdb_reject_type,"PeeringDB,RIPEstat"
eastern_europe,PL,201531,"KRZYSZTOF POLOM ""TELSAT""",16369,Cable/DSL/ISP,False,5,0,peeringdb_reject_type,"PeeringDB,RIPEstat"
eastern_europe,PL,201532,WRIX CDN,14865,NSP,True,70,3,peeringdb_type+name_keyword,"PeeringDB,RIPEstat"
eastern_europe,PL,13119,Akademickie Centrum Informatyki ZUT,22510,,False,10,0,default_reject,"PeeringDB,RIPEstat"
eastern_europe,PL,209731,mBit,27906,,False,10,0,default_reject,"PeeringDB,RIPEstat"
eastern_europe,PL,29512,TVK Elżbieta Zjawiona,2079,Cable/DSL/ISP,False,5,0,peeringdb_reject_type,"PeeringDB,RIPEstat"
eastern_europe,PL,29535,Orange Polska - Internet Optimum and TPIX Route Servers,16785,Cable/DSL/ISP,True,45,14,name_keyword,"PeeringDB,RIPEstat"
eastern_europe,PL,62321,ARSIM,25892,Cable/DSL/ISP,False,5,0,peeringdb_reject_type,"PeeringDB,RIPEstat"
eastern_europe,PL,29553,Virtual Line,5387,Cable/DSL/ISP,False,5,0,peeringdb_reject_type,"PeeringDB,RIPEstat"
eastern_europe,PL,21390,Load,43526,,False,10,0,default_reject,"PeeringDB,RIPEstat"
eastern_europe,PL,21395,Orange Polska - cPoP,16785,Content,False,5,0,peeringdb_reject_type,"PeeringDB,RIPEstat"
eastern_europe,PL,209817,MULTINET.PL SP. Z O.O.,42999,Cable/DSL/ISP,False,5,0,peeringdb_reject_type,"PeeringDB,RIPEstat"
eastern_europe,PL,29596,GENERACJA.pl,10570,Cable/DSL/ISP,False,5,0,peeringdb_reject_type,"PeeringDB,RIPEstat"
eastern_europe,PL,201637,BARTNET Naruszewicz i Krawczun Spolka Jawna,15732,Cable/DSL/ISP,False,5,0,peeringdb_reject_type,"PeeringDB,RIPEstat"
eastern_europe,PL,201640,psHost.pl,43255,Content,False,5,0,peeringdb_reject_type,"PeeringDB,RIPEstat"
eastern_europe,PL,209862,Michal Skibicki,31485,Educational/Research,False,10,0,default_reject,"PeeringDB,RIPEstat"
eastern_europe,PL,209866,Vort Cloud,41179,Content,False,5,0,peeringdb_reject_type,"PeeringDB,RIPEstat"
eastern_europe,PL,201695,ALARMADI Adrian Dobrogowski,22796,Cable/DSL/ISP,False,5,0,peeringdb_reject_type,"PeeringDB,RIPEstat"
eastern_europe,PL,201743,Oktawave AS201743,31266,Content,False,5,0,peeringdb_reject_type,"PeeringDB,RIPEstat"
eastern_europe,PL,201754,BLUEKOM - Tomasz Waśniewski,15489,Cable/DSL/ISP,False,5,0,peeringdb_reject_type,"PeeringDB,RIPEstat"
eastern_europe,PL,201814,Mevspace,22326,Content,False,5,0,peeringdb_reject_type,"PeeringDB,RIPEstat"
eastern_europe,PL,210075,Firma Handlowa Gumis,39847,Cable/DSL/ISP,False,5,0,peeringdb_reject_type,"PeeringDB,RIPEstat"
eastern_europe,PL,210104,Wawtel,28505,Cable/DSL/ISP,False,5,0,peeringdb_reject_type,"PeeringDB,RIPEstat"
eastern_europe,PL,201925,EPIX.EPINET,16815,,True,45,7,name_keyword,"PeeringDB,RIPEstat"
eastern_europe,PL,201953,"INTERKA S.C. Tomasz Gawin, Tomasz Respondek",15775,Cable/DSL/ISP,False,5,0,peeringdb_reject_type,"PeeringDB,RIPEstat"
eastern_europe,PL,201966,OptiKabel Telecom,27995,Cable/DSL/ISP,False,5,0,peeringdb_reject_type,"PeeringDB,RIPEstat"
eastern_europe,PL,201990,Techgroup Jakub Osuch,14869,Cable/DSL/ISP,False,5,0,peeringdb_reject_type,"PeeringDB,RIPEstat"
eastern_europe,PL,202004,GreenLan Fiber sp. z o.o. sp.k.,16102,Cable/DSL/ISP,False,5,0,peeringdb_reject_type,"PeeringDB,RIPEstat"
eastern_europe,PL,210220,ICTFuture,40798,Cable/DSL/ISP,False,5,0,peeringdb_reject_type,"PeeringDB,RIPEstat"
eastern_europe,PL,202050,STIMO.NET Sp. z o.o.,16467,NSP,True,60,15,peeringdb_type,"PeeringDB,RIPEstat"
eastern_europe,PL,210246,ADAM ROJEK,38397,Cable/DSL/ISP,False,5,0,peeringdb_reject_type,"PeeringDB,RIPEstat"
eastern_europe,PL,210256,ETMEDIA,22042,Cable/DSL/ISP,False,5,0,peeringdb_reject_type,"PeeringDB,RIPEstat"
eastern_europe,PL,202081,GOG,39353,Content,False,5,0,peeringdb_reject_type,"PeeringDB,RIPEstat"
eastern_europe,PL,202100,ZUPAWLUK,38077,Cable/DSL/ISP,False,5,0,peeringdb_reject_type,"PeeringDB,RIPEstat"
eastern_europe,PL,202126,Macrosat,27994,,False,10,0,default_reject,"PeeringDB,RIPEstat"
eastern_europe,PL,5526,GENERACJA-pl,30765,Cable/DSL/ISP,False,5,0,peeringdb_reject_type,"PeeringDB,RIPEstat"
eastern_europe,PL,5550,Gdansk University of Technology Academic Computer Center TASK,26994,,False,10,0,default_reject,"PeeringDB,RIPEstat"
eastern_europe,PL,5582,Województwo Lubelskie,15985,Cable/DSL/ISP,False,5,0,peeringdb_reject_type,"PeeringDB,RIPEstat"
eastern_europe,PL,210391,Codeplant,40085,Cable/DSL/ISP,False,5,0,peeringdb_reject_type,"PeeringDB,RIPEstat"
eastern_europe,PL,202220,Obsluga,15913,Cable/DSL/ISP,False,5,0,peeringdb_reject_type,"PeeringDB,RIPEstat"
eastern_europe,PL,5617,Orange Polska - TPNET,16785,Cable/DSL/ISP,False,5,0,peeringdb_reject_type,"PeeringDB,RIPEstat"
eastern_europe,PL,202228,Krzysztof Klaptocz NetService,16060,Cable/DSL/ISP,False,5,0,peeringdb_reject_type,"PeeringDB,RIPEstat"
eastern_europe,PL,202257,PASCAL,27769,Cable/DSL/ISP,False,5,0,peeringdb_reject_type,"PeeringDB,RIPEstat"
eastern_europe,PL,202281,C3,21346,Cable/DSL/ISP,False,5,0,peeringdb_reject_type,"PeeringDB,RIPEstat"
eastern_europe,PL,210506,Auto-MiK Marcin Zurek,38574,Cable/DSL/ISP,False,5,0,peeringdb_reject_type,"PeeringDB,RIPEstat"
eastern_europe,PL,202434,"PPUH ZIBED Dariusz Ziętara, Bożena Ziętara s.c.",22066,Cable/DSL/ISP,False,5,0,peeringdb_reject_type,"PeeringDB,RIPEstat"
eastern_europe,PL,210645,bgptransit.eu,30881,Network Services,True,45,7,name_keyword,"PeeringDB,RIPEstat"
eastern_europe,PL,202478,Malborskie Światłowody,31068,Cable/DSL/ISP,False,5,0,peeringdb_reject_type,"PeeringDB,RIPEstat"
eastern_europe,PL,202520,SkyPass Solutions,39336,Content,False,5,0,peeringdb_reject_type,"PeeringDB,RIPEstat"
eastern_europe,PL,202580,1-NL FREE,35751,Route Server,True,60,0,peeringdb_type,"PeeringDB,RIPEstat"
eastern_europe,PL,210784,Falconet sp. z o.o.,42553,,False,10,0,default_reject,"PeeringDB,RIPEstat"
eastern_europe,PL,202626,Perfect-net Jaroslaw Dziubek,19792,Cable/DSL/ISP,False,5,0,peeringdb_reject_type,"PeeringDB,RIPEstat"
eastern_europe,PL,30730,TAURON AS30730,20914,Enterprise,False,5,0,peeringdb_reject_type,"PeeringDB,RIPEstat"
eastern_europe,PL,38923,OSIEDLOWA,15998,,False,10,0,default_reject,"PeeringDB,RIPEstat"
eastern_europe,PL,38942,Centrum Uslug Komputerowych GROT sp. z o.o.,15324,Cable/DSL/ISP,False,5,0,peeringdb_reject_type,"PeeringDB,RIPEstat"
eastern_europe,PL,202805,I-TEL,21530,Cable/DSL/ISP,False,5,0,peeringdb_reject_type,"PeeringDB,RIPEstat"
eastern_europe,PL,211010,QSTER,42822,Cable/DSL/ISP,False,5,0,peeringdb_reject_type,"PeeringDB,RIPEstat"
eastern_europe,PL,38987,Spoldzielnia Telekomunikacyjna OST,10926,Cable/DSL/ISP,False,5,0,peeringdb_reject_type,"PeeringDB,RIPEstat"
eastern_europe,PL,30813,Ostrog.NET,14960,Cable/DSL/ISP,False,5,0,peeringdb_reject_type,"PeeringDB,RIPEstat"
eastern_europe,PL,30838,"Jerzy Krempa ""Telpol"" PPMUE",15865,,False,10,0,default_reject,"PeeringDB,RIPEstat"
eastern_europe,PL,47223,Lukman Multimedia,25295,NSP,True,60,22,peeringdb_type,"PeeringDB,RIPEstat"
eastern_europe,PL,39039,Stansat,31102,Network Services,False,10,0,default_reject,"PeeringDB,RIPEstat"
eastern_europe,PL,30851,Sileman Sp. z o.o.,12449,NSP,True,60,30,peeringdb_type,"PeeringDB,RIPEstat"
eastern_europe,PL,47252,PPHU LUKSUS Grzegorz Wloch,14968,Cable/DSL/ISP,False,5,0,peeringdb_reject_type,"PeeringDB,RIPEstat"
eastern_europe,PL,47273,Artus,21395,,False,10,0,default_reject,"PeeringDB,RIPEstat"
eastern_europe,PL,47275,Torjon Wieslaw Radka,15028,Cable/DSL/ISP,False,5,0,peeringdb_reject_type,"PeeringDB,RIPEstat"
eastern_europe,PL,39112,BIK,31953,Cable/DSL/ISP,False,5,0,peeringdb_reject_type,"PeeringDB,RIPEstat"
eastern_europe,PL,219339,OpenHades,44570,Content,False,5,0,peeringdb_reject_type,"PeeringDB,RIPEstat"
eastern_europe,PL,202971,PROGRESS NET,17066,Cable/DSL/ISP,False,5,0,peeringdb_reject_type,"PeeringDB,RIPEstat"
eastern_europe,PL,47329,WDM,7425,Cable/DSL/ISP,False,5,0,peeringdb_reject_type,"PeeringDB,RIPEstat"
eastern_europe,PL,202994,Air NET,15540,Cable/DSL/ISP,False,5,0,peeringdb_reject_type,"PeeringDB,RIPEstat"
eastern_europe,PL,39171,Gmina Wroclaw,32449,Government,False,10,0,default_reject,"PeeringDB,RIPEstat"
eastern_europe,PL,203028,PRYMAS INWESTYCJE SPOLKA Z OGRANICZONA ODPOWIEDZIALNOSCIA SPOLKA KOMANDYTOWA,27998,Cable/DSL/ISP,False,5,0,peeringdb_reject_type,"PeeringDB,RIPEstat"
eastern_europe,PL,219455,ALEKSWILC,44415,Network Services,False,10,0,default_reject,"PeeringDB,RIPEstat"
eastern_europe,PL,203086,Handlowo Uslugowa RuszelNet Lukasz Ruszel,14173,Cable/DSL/ISP,False,5,0,peeringdb_reject_type,"PeeringDB,RIPEstat"
eastern_europe,PL,219481,Sinlege,44407,,False,10,0,default_reject,"PeeringDB,RIPEstat"
eastern_europe,PL,219498,Artem Kovalchuk,44382,,False,10,0,default_reject,"PeeringDB,RIPEstat"
eastern_europe,PL,39282,PF Labs,28059,,False,10,0,default_reject,"PeeringDB,RIPEstat"
eastern_europe,PL,203140,NETUS Renata Gieruszczak-Fikus,14973,Cable/DSL/ISP,False,5,0,peeringdb_reject_type,"PeeringDB,RIPEstat"
eastern_europe,PL,39310,Nitronet sp. z o.o.,5434,Cable/DSL/ISP,False,5,0,peeringdb_reject_type,"PeeringDB,RIPEstat"
eastern_europe,PL,203157,Lukasz Kazimierczak Cronel,17206,Cable/DSL/ISP,False,5,0,peeringdb_reject_type,"PeeringDB,RIPEstat"
eastern_europe,PL,203188,ERYDAN,19720,,False,10,0,default_reject,"PeeringDB,RIPEstat"
eastern_europe,PL,47544,IQ PL,22053,Content,False,5,0,peeringdb_reject_type,"PeeringDB,RIPEstat"
eastern_europe,PL,203210,SZYBKINET,30189,Cable/DSL/ISP,False,5,0,peeringdb_reject_type,"PeeringDB,RIPEstat"
eastern_europe,PL,39375,Telekomunikacja Podlasie,15231,Cable/DSL/ISP,False,5,0,peeringdb_reject_type,"PeeringDB,RIPEstat"
eastern_europe,PL,203222,Adam Jarosz trading as Zaklad Elektroniczny P.A. Jarosz s.c.,41182,Cable/DSL/ISP,False,5,0,peeringdb_reject_type,"PeeringDB,RIPEstat"
eastern_europe,PL,203230,multiTK sp. z o.o.,15971,Cable/DSL/ISP,False,5,0,peeringdb_reject_type,"PeeringDB,RIPEstat"
eastern_europe,PL,211430,DATECH,42425,,False,10,0,default_reject,"PeeringDB,RIPEstat"
eastern_europe,PL,203255,MROCZA - NET,19755,Cable/DSL/ISP,False,5,0,peeringdb_reject_type,"PeeringDB,RIPEstat"
eastern_europe,PL,31229,Beyond.pl,27106,Content,False,5,0,peeringdb_reject_type,"PeeringDB,RIPEstat"
eastern_europe,PL,203261,ASCOR,19409,Cable/DSL/ISP,False,5,0,peeringdb_reject_type,"PeeringDB,RIPEstat"
eastern_europe,PL,203287,Cybernet Poland,26881,Cable/DSL/ISP,False,5,0,peeringdb_reject_type,"PeeringDB,RIPEstat"
eastern_europe,PL,203306,IT-Service Pawel Janeczko,15917,Cable/DSL/ISP,False,5,0,peeringdb_reject_type,"PeeringDB,RIPEstat"
eastern_europe,PL,211516,SpaceLine Networks,43911,,False,10,0,default_reject,"PeeringDB,RIPEstat"
eastern_europe,PL,39489,INDS,18073,Non-Profit,False,10,0,default_reject,"PeeringDB,RIPEstat"
eastern_europe,PL,211528,TAURON Obsluga Klienta Sp. z o.o.,34959,Cable/DSL/ISP,False,5,0,peeringdb_reject_type,"PeeringDB,RIPEstat"
eastern_europe,PL,39507,Biznes Swiatlowodem,21386,Cable/DSL/ISP,False,5,0,peeringdb_reject_type,"PeeringDB,RIPEstat"
eastern_europe,PL,203356,ebox.pl Sp. z o.o.,37899,Cable/DSL/ISP,False,5,0,peeringdb_reject_type,"PeeringDB,RIPEstat"
eastern_europe,PL,203364,POG NET,24367,,False,10,0,default_reject,"PeeringDB,RIPEstat"
eastern_europe,PL,39547,Carrywater Group S.A.,43113,,False,10,0,default_reject,"PeeringDB,RIPEstat"
eastern_europe,PL,47755,Tempus Telecom,30721,,False,10,0,default_reject,"PeeringDB,RIPEstat"
eastern_europe,PL,39566,Smarthost,17060,Content,False,5,0,peeringdb_reject_type,"PeeringDB,RIPEstat"
eastern_europe,PL,203417,LHPL,27881,Content,False,5,0,peeringdb_reject_type,"PeeringDB,RIPEstat"
eastern_europe,PL,47790,Netfala,29025,,False,10,0,default_reject,"PeeringDB,RIPEstat"
eastern_europe,PL,39599,Talex S.A.,43548,,False,10,0,default_reject,"PeeringDB,RIPEstat"
eastern_europe,PL,31409,SelTelecom-Net,36473,Cable/DSL/ISP,False,5,0,peeringdb_reject_type,"PeeringDB,RIPEstat"
eastern_europe,PL,39603,PLAY,13244,Cable/DSL/ISP,False,5,0,peeringdb_reject_type,"PeeringDB,RIPEstat"
eastern_europe,PL,211655,NASK DNS ANYCAST2,38399,,False,10,0,default_reject,"PeeringDB,RIPEstat"
eastern_europe,PL,47850,TAU INTERNET sp. z o.o.,15863,Cable/DSL/ISP,False,5,0,peeringdb_reject_type,"PeeringDB,RIPEstat"
eastern_europe,PL,39661,DNB Bank Polska,17917,,False,10,0,default_reject,"PeeringDB,RIPEstat"
eastern_europe,PL,203505,"WIECZOR-NET Sieci Komputerowe, Internet Henryk Wieczorek",15915,Cable/DSL/ISP,False,5,0,peeringdb_reject_type,"PeeringDB,RIPEstat"
eastern_europe,PL,203539,Maxmati,35742,,False,10,0,default_reject,"PeeringDB,RIPEstat"
eastern_europe,PL,39716,VIP Lublin,15872,Cable/DSL/ISP,False,5,0,peeringdb_reject_type,"PeeringDB,RIPEstat"
eastern_europe,PL,203567,PCNET,40259,Cable/DSL/ISP,False,5,0,peeringdb_reject_type,"PeeringDB,RIPEstat"
eastern_europe,PL,211797,NASKSA-COMMERCIAL,39208,NSP,True,60,2,peeringdb_type,"PeeringDB,RIPEstat"
eastern_europe,PL,203620,Danar Wojtysiak Sp. z o.o.,14110,Cable/DSL/ISP,False,5,0,peeringdb_reject_type,"PeeringDB,RIPEstat"
eastern_europe,PL,31621,Allegro.pl Poland,19734,Content,False,5,0,peeringdb_reject_type,"PeeringDB,RIPEstat"
eastern_europe,PL,203658,Marcin Jan Peszel trading as TELENETIKS,15860,Cable/DSL/ISP,False,5,0,peeringdb_reject_type,"PeeringDB,RIPEstat"
eastern_europe,PL,203661,NETNITE Sp. z o.o,42630,,False,10,0,default_reject,"PeeringDB,RIPEstat"
eastern_europe,PL,203667,ZIPnet,21126,Cable/DSL/ISP,False,5,0,peeringdb_reject_type,"PeeringDB,RIPEstat"
eastern_europe,PL,48025,ISLAND-SERWIS-NET MIROSLAW GORCZAKOWSKI,27669,Cable/DSL/ISP,False,5,0,peeringdb_reject_type,"PeeringDB,RIPEstat"
eastern_europe,PL,203677,TEN.NET,15585,Cable/DSL/ISP,False,5,0,peeringdb_reject_type,"PeeringDB,RIPEstat"
eastern_europe,PL,203687,HiNet Lukasz Rostalski,14858,Cable/DSL/ISP,False,5,0,peeringdb_reject_type,"PeeringDB,RIPEstat"
eastern_europe,PL,39869,Sitel sp. z o.o.,2083,NSP,True,60,8,peeringdb_type,"PeeringDB,RIPEstat"
eastern_europe,PL,203741,SKYDATA_PL LUKASZ JANUS,15476,Cable/DSL/ISP,False,5,0,peeringdb_reject_type,"PeeringDB,RIPEstat"
eastern_europe,PL,203742,Piotr Adam Kossowski trading as COMPUTER SERVICE,15717,Cable/DSL/ISP,False,5,0,peeringdb_reject_type,"PeeringDB,RIPEstat"
eastern_europe,PL,211938,WW-NET Elżbieta Wyczarska,32888,Cable/DSL/ISP,False,5,0,peeringdb_reject_type,"PeeringDB,RIPEstat"
eastern_europe,PL,203760,KOL-NET s.c.,42668,Cable/DSL/ISP,False,5,0,peeringdb_reject_type,"PeeringDB,RIPEstat"
eastern_europe,PL,203765,PRONETEUS Sp. z o.o.,16049,Cable/DSL/ISP,False,5,0,peeringdb_reject_type,"PeeringDB,RIPEstat"
eastern_europe,PL,203778,SPEED-NET Arkadiusz Broniecki,42929,Cable/DSL/ISP,False,5,0,peeringdb_reject_type,"PeeringDB,RIPEstat"
eastern_europe,PL,48136,ZORG Robert Wozny,16704,Educational/Research,False,10,0,default_reject,"PeeringDB,RIPEstat"
eastern_europe,PL,48157,INK,31836,,False,10,0,default_reject,"PeeringDB,RIPEstat"
eastern_europe,PL,15391,SYSCLAY,23725,,False,10,0,default_reject,"PeeringDB,RIPEstat"
eastern_europe,PL,203821,IT 4 Polska SP ZOO,15982,Cable/DSL/ISP,False,5,0,peeringdb_reject_type,"PeeringDB,RIPEstat"
eastern_europe,PL,56373,Wave,21885,Cable/DSL/ISP,False,5,0,peeringdb_reject_type,"PeeringDB,RIPEstat"
eastern_europe,PL,56441,Zaklad Teleradiotechniki Telefon Serwis Antoni Kois,17085,Cable/DSL/ISP,False,5,0,peeringdb_reject_type,"PeeringDB,RIPEstat"
eastern_europe,PL,56449,INTERA-PL,16015,Cable/DSL/ISP,False,5,0,peeringdb_reject_type,"PeeringDB,RIPEstat"
eastern_europe,PL,48259,MK2,43789,,False,10,0,default_reject,"PeeringDB,RIPEstat"
eastern_europe,PL,212119,NETFIBRA,31199,,False,10,0,default_reject,"PeeringDB,RIPEstat"
eastern_europe,PL,56475,DATA-COM Piotr Data,13011,Cable/DSL/ISP,False,5,0,peeringdb_reject_type,"PeeringDB,RIPEstat"
eastern_europe,PL,203937,CYFROTEL SPOLKA JAWNA MARIUSZ ULIDOWSKI MAREK BZDZIUCH,15714,Cable/DSL/ISP,False,5,0,peeringdb_reject_type,"PeeringDB,RIPEstat"
eastern_europe,PL,56511,GaMP Sp. z o.o.,10214,Content,False,5,0,peeringdb_reject_type,"PeeringDB,RIPEstat"
eastern_europe,PL,56515,OXYNET,12284,Cable/DSL/ISP,False,5,0,peeringdb_reject_type,"PeeringDB,RIPEstat"
eastern_europe,PL,212176,NETKOMP,39991,Cable/DSL/ISP,False,5,0,peeringdb_reject_type,"PeeringDB,RIPEstat"
eastern_europe,PL,204019,FLYNET,14955,Cable/DSL/ISP,False,5,0,peeringdb_reject_type,"PeeringDB,RIPEstat"
eastern_europe,PL,15606,NASK DNS ANYCAST,374,Non-Profit,False,10,0,default_reject,"PeeringDB,RIPEstat"
eastern_europe,PL,56575,TEPSANET NOWACCY Sp.j..,14963,Cable/DSL/ISP,False,5,0,peeringdb_reject_type,"PeeringDB,RIPEstat"
eastern_europe,PL,15624,OKITECH,19718,Cable/DSL/ISP,False,5,0,peeringdb_reject_type,"PeeringDB,RIPEstat"
eastern_europe,PL,204066,Sad Apelacyjny we Wroclawiu,39760,,False,10,0,default_reject,"PeeringDB,RIPEstat"
eastern_europe,PL,48424,GLOBITEL,15918,Cable/DSL/ISP,False,5,0,peeringdb_reject_type,"PeeringDB,RIPEstat"
eastern_europe,PL,48428,DPD Polska,26371,Enterprise,False,5,0,peeringdb_reject_type,"PeeringDB,RIPEstat"
eastern_europe,PL,56628,STORMmedia,15889,Cable/DSL/ISP,False,5,0,peeringdb_reject_type,"PeeringDB,RIPEstat"
eastern_europe,PL,15694,ATMAN Business,1540,NSP,True,60,48,peeringdb_type,"PeeringDB,RIPEstat"
eastern_europe,PL,48464,Futuro Exito,27988,Cable/DSL/ISP,False,5,0,peeringdb_reject_type,"PeeringDB,RIPEstat"
eastern_europe,PL,56662,e-utp.net,4034,Non-Profit,False,10,0,default_reject,"PeeringDB,RIPEstat"
eastern_europe,PL,204126,NET-KOMP Sp. z o. o.,15805,Cable/DSL/ISP,False,5,0,peeringdb_reject_type,"PeeringDB,RIPEstat"
eastern_europe,PL,48487,LoVo,20062,Cable/DSL/ISP,False,5,0,peeringdb_reject_type,"PeeringDB,RIPEstat"
eastern_europe,PL,212327,NETbis,28022,,False,10,0,default_reject,"PeeringDB,RIPEstat"
eastern_europe,PL,48505,Kylos,21277,,False,10,0,default_reject,"PeeringDB,RIPEstat"
eastern_europe,PL,15744,SASK-COM,16068,Network Services,False,10,0,default_reject,"PeeringDB,RIPEstat"
eastern_europe,PL,56712,SUMERNET,15903,Cable/DSL/ISP,False,5,0,peeringdb_reject_type,"PeeringDB,RIPEstat"
eastern_europe,PL,48559,Infomex,7299,Content,False,5,0,peeringdb_reject_type,"PeeringDB,RIPEstat"
eastern_europe,PL,48626,Mediasat s.c.,6306,Cable/DSL/ISP,False,5,0,peeringdb_reject_type,"PeeringDB,RIPEstat"
eastern_europe,PL,15874,Interkam,18870,Cable/DSL/ISP,False,5,0,peeringdb_reject_type,"PeeringDB,RIPEstat"
eastern_europe,PL,48659,Wide-Net,14813,Cable/DSL/ISP,False,5,0,peeringdb_reject_type,"PeeringDB,RIPEstat"
eastern_europe,PL,204373,Polineo Sp. z o.o.,17068,Cable/DSL/ISP,False,5,0,peeringdb_reject_type,"PeeringDB,RIPEstat"
eastern_europe,PL,48727,Phu Adamek,15480,Cable/DSL/ISP,False,5,0,peeringdb_reject_type,"PeeringDB,RIPEstat"
eastern_europe,PL,15967,Nazwa.pl,2094,Content,False,5,0,peeringdb_reject_type,"PeeringDB,RIPEstat"
eastern_europe,PL,15969,Systemia.pl,36545,Cable/DSL/ISP,False,5,0,peeringdb_reject_type,"PeeringDB,RIPEstat"
